smiles,avg_lifespan_change_percent
CCCC[N+]1(C2CC(CC1C3C2O3)OC(=O)C(CO)C4=CC=CC=C4)C.[Br-],-4.63
CC(=O)OC1CC2(C(CCC2=O)C3=C1C4(C(OC(=O)C5=COC(=C54)C3=O)COC)C)C,12.78
CN1CCC=C(C1)C(=O)OC,-15.95
C1=CC=C2C(=C1)C=NN=C2NN,23.29
CC1=C(C(=O)C=C2C1=CC=C3C2(CCC4(C3(CCC5(C4CC(CC5)(C)C(=O)O)C)C)C)C)O,17.4
C1CCN(C(C1)CC2=CC=CC=C2)C(=O)N3C=C(N=N3)C4=CC=C(C=C4)C5=CC=CC=C5,-24.0
CC(=O)NC(CS)C(=O)O,14.6
C1=CC(=CC(=C1)Cl)NN=C(C#N)C#N,60.0
C(C1C(C(C(C(O1)OC2C(C(C(C(O2)CO)O)O)O)O)O)O)O,32.0
CC1=C(N=C(C(=N1)C)C)C,5.65
CC1C(CC(C(O1)OC(C)CCCCC=CC(=O)O)O)O,21.0
CC1=C(C(C(=C(N1)C)C(=O)OCC(C)C)C2=CC=CC=C2[N+](=O)[O-])C(=O)OC,-1.99
[Hf],12.7
C(CC(=O)[O-])C(=O)[O-],4.0
C1=CC=C(C(=C1)C=NCCN=CC2=CC=CC=C2[O-])[O-].[Cl-].[Mn+3],-26.5
CC1C2C(C3C(C(=O)C(=C(C3(C(=O)C2=C(C4=C1C=CC=C4O)O)O)O)C(=O)N)N(C)C)O,36.48
CCCCCCCC(=O)[O-],1.0
C1=CC(=C2C(=O)C=CC(=O)C2=C1O)O,11.0
C1=CC=NC(=C1)CN(CCN(CC2=CC=CC=N2)CC3=CC=CC=N3)CC4=CC=CC=N4,43.0
C(CCN=C(N)N)CN,16.0
C1C(C(OC1N2C=C(C(=O)NC2=O)F)CO)O,-2.66
CC(=O)OC1CC2C(C(=O)C=CC2(C3C1(C45C(O4)C(=O)OC(C5(CC3)C)C6=COC=C6)C)C)(C)C,6.82
CC1=C(C(=O)C(=C(C1=O)OC)OC)CC=C(C)CCC=C(C)CCC=C(C)CCC=C(C)CCC=C(C)CCC=C(C)CCC=C(C)CCC=C(C)CCC=C(C)CCC=C(C)C,18.0
C1CN(CCN1CCC2=CC=C(C=C2)N)C3=CC=CC(=C3)C(F)(F)F,33.0
CC(=O)O,23.0
CC1=CC(=O)C2=C(C1=O)C=CC=C2O,-23.0
CC(C)N1C2=CC=CC=C2C(=C1C=CC(CC(CC(=O)O)O)O)C3=CC=C(C=C3)F,14.0
CC(CCC(=O)O)C1CCC2C1(CCC3C2CCC4C3(CCCC4)C)C,0.0
CC1C2C(C3C(C(=O)C(=C(C3(C(=O)C2=C(C4=C1C=CC=C4O)O)O)O)C(=O)N)N(C)C)O,25.4
CC(=C)C1CC2=C(O1)C=CC3=C2OC4COC5=CC(=C(C=C5C4C3=O)OC)OC,-23.57
C1=CC=C(C=C1)C2=CC(=O)C3=C(C=C(C=C3O2)O)O,8.46
CC(CCC(=O)O)C1CCC2C1(CCC3C2CCC4C3(CCCC4)C)C,9.0
COC1=C(C=CC(=C1)C2C(OC3=C(O2)C=C(C=C3)C4C(C(=O)C5=C(C=C(C=C5O4)O)O)O)CO)O,13.64
C(C(C(=O)O)N)O,24.26
CN1CCN2C(C1)C3=CC=CC=C3CC4=CC=CC=C42,31.0
CCCCNC1=CC=C(C=C1)C(=O)OCCN(C)C.Cl,4.81
CC(=O)OC1CC2C(C(=O)C=CC2(C3C1(C45C(O4)C(=O)OC(C5(CC3)C)C6=COC=C6)C)C)(C)C,2.24
CN(C)C(=N)N=C(N)N,21.65
CC1CC(C(C(C=C(C(C(C=CC=C(C(=O)NC2=CC(=O)C(=C(C1)C2=O)NCC=C)C)OC)OC(=O)N)C)C)O)OC,23.52
CC1C=CC=C(C(=O)NC2=CC(=C3C(=C2O)C(=C(C4=C3C(=O)C(O4)(OC=CC(C(C(C(C(C(C1O)C)O)C)OC(=O)C)C)OC)C)C)O)O)C,20.9
CN1C=NC2=C1C(=O)N(C(=O)N2C)C,8.0
CCCCCCC1C(C(OC(=O)C(C(OC1=O)C)NC(=O)C2=C(C(=CC=C2)NC=O)O)C)OC(=O)CC(C)C,-47.24
CC12CCN(C1N(C3=C2C=C(C=C3)OC(=O)NC)C)C,4.2
CN(C)C1C2CC3CC4=C(C=CC(=C4C(=C3C(=O)C2(C(=C(C1=O)C(=O)N)O)O)O)O)N(C)C,12.0
C(C1C(C(C(C(O1)O)O)O)O)O,37.5
CC(CCC(=O)O)C1CCC2C1(CCC3C2CCC4C3(CCCC4)C)C,13.0
C1=CC(=CC=C1C=CC2=CC(=CC(=C2)O)O)O,10.0
CC1(C(=O)N(C(=O)O1)C)C,47.0
C1=CC=C(C=C1)C2=CC(=O)C3=C(O2)C=C(C(=C3O)O)O,2.72
CCOC(=O)N1CCN(CC1)[N+](=NOC2=C(C=C(C=C2)[N+](=O)[O-])[N+](=O)[O-])[O-],-2.97
CN(C)C(=N)N=C(N)N,32.73
C1=C(C=C(C(=C1O)O)O)C(=O)OC2=CC(=CC(=C2O)O)C(=O)OCC3C(C(C(C(O3)OC(=O)C4=CC(=C(C(=C4)OC(=O)C5=CC(=C(C(=C5)O)O)O)O)O)OC(=O)C6=CC(=C(C(=C6)OC(=O)C7=CC(=C(C(=C7)O)O)O)O)O)OC(=O)C8=CC(=C(C(=C8)OC(=O)C9=CC(=C(C(=C9)O)O)O)O)O)OC(=O)C1=CC(=C(C(=C1)OC(=O)C1=CC(=C(C(=C1)O)O)O)O)O,16.17
CC1=C(C2=C(CCC(O2)(C)CCCC(C)CCCC(C)CCCC(C)C)C(=C1O)C)C,11.0
CC1C(C(C(C(O1)OC2C(C(C(OC2OC3=CC(=C4C(=O)CC(OC4=C3)C5=CC=C(C=C5)O)O)CO)O)O)O)O)O,11.5
COC1=C(C=C2C(=C1)C(=NC(=N2)N3CCN(CC3)C(=O)C4COC5=CC=CC=C5O4)N)OC.CS(=O)(=O)O,15.0
CN(C)C1C2CC3CC4=C(C=CC(=C4C(=C3C(=O)C2(C(=C(C1=O)C(=O)N)O)O)O)O)N(C)C,5.0
CN(C)CCCN1C2=CC=CC=C2SC3=C1C=C(C=C3)C(F)(F)F.Cl,-22.64
C1=CC(=C(C=C1O)O)C=CC2=CC(=CC(=C2)O)O,7.4
CC(C)CCCC(C)C1CCC2C1(CCCC2=CC=C3CC(CCC3=C)O)C,10.98
CC(=O)NC1=CC=C(C=C1)O,48.6
C(C1C(C(C(C(O1)O)O)O)O)O,-5.88
C(C(=O)[O-])C(CC(=O)[O-])(C(=O)[O-])O.N.[Fe+3],-23.16
CC(CC1=CC(=C(C=C1)O)O)C(C)CC2=CC(=C(C=C2)O)O,21.4
C(C(C(C(C(CO)O)O)O)O)O,-2.0
C1=CC(=CC=C1C2=C(C(=O)C3=C(C=C(C=C3O2)O)O)O)O,5.63
CC(C)C1=CC2=C(C=C1)C3(CCCC(C3CC2)(C)C(=O)O)C,10.3
C[N+]1=CC=CC(=C1)C(=O)N,7.7
C(C(CO)O)O,-36.0
C(C(=O)[O-])C(CC(=O)[O-])(C(=O)[O-])O.N.[Fe+3],-2.13
COC1=CC=C(C=C1)CCN2CCC(CC2)NC3=NC4=CC=CC=C4N3CC5=CC=C(C=C5)F,-10.21
CN(C)C(=N)N=C(N)N,13.0
COC1=C(C=CC(=C1)CC(COC2C(C(C(C(O2)CO)O)O)O)C(CC3=CC(=C(C=C3)O)OC)COC4C(C(C(C(O4)CO)O)O)O)O,16.36
CC(C)[N+](C)(CCOC(=O)C1C2=CC=CC=C2OC3=CC=CC=C13)C(C)C.[Br-],-4.06
C1=CC(=C(C=C1OC2=C(C=C(C=C2I)CC(C(=O)O)N)I)I)O,14.29
C1=CC(=C(C=C1CC(C(=O)O)OC(=O)C=CC2=CC(=C(C=C2)O)O)O)O,49.28
CCC(C)C(=O)OC1CC(C=C2C1C(C(C=C2)C)CCC3CC(CC(=O)O3)O)C,12.96
C(C1C(C(C(C(O1)O)O)O)O)O,-17.65
C1=CC(=C(C=C1C2=CC(=O)C3=C(C=C(C=C3O2)O)O)O)O,-1.54
CC1=C2COC(=O)C2=C(C(=C1OC)CC=C(C)CCC(=O)O)O,0.24
CC1=CC(=O)C2=C(C1=O)C=CC=C2O,0.0
C(C(C(=O)O)N)C(=O)N,1.0
COC1=C(C=CC(=C1)C2C3COC4(C3C(=CC2C4=O)C5C(C(=O)C6=C(C=C(C=C6O5)O)O)O)O)O,5.88
CC(CCC(=O)O)C1CCC2C1(CCC3C2CCC4C3(CCCC4)C)C,3.0
CCCCNC1=NC2=CC=CC=C2N1,9.11
C1=CC(=CC=C1C(=O)NC(CCC(=O)O)C(=O)O)NCC2=CN=C3C(=N2)C(=O)NC(=N3)N,17.1
C(CCN)CC(C(=O)O)N,7.0
C1=CC2=C(C=C1O)OC(=O)C3=CC(=C(C=C23)O)O,36.0
CCCCCCC=CCCCCCCCCCC(=O)O,13.06
CC1=CC2=C(C(=C1)O)C(=O)C3=C(C2=O)C=C(C=C3O)O,9.68
C1=C(C2=C(C(=O)C(=O)C3=C2NC(=C3)C(=O)O)N=C1C(=O)O)C(=O)O,44.44
CN1C=NC2=C1C(=O)NC(=O)N2C,-0.84
CN(C)C(=N)N=C(N)N,44.0
C1=CC(=C(C=C1CC(C(=O)O)OC(=O)C=CC2=CC(=C(C=C2)O)O)O)O,63.23
C1C(C(C(C(C1N)OC2C(C(C(C(O2)CN)O)O)O)O)OC3C(C(C(C(O3)CO)O)N)O)N.OS(=O)(=O)O,-3.91
C1=CC(=CC=C1C=CC2=CC(=CC(=C2)O)O)O,7.4
CN1C=NC2=C1C(=O)N(C(=O)N2C)C,28.5
C1=C(NC=N1)CC(C(=O)O)NC(=O)CCN,11.0
CC(C)CC(C(=O)O)N,6.84
C1=CC=C2C(=C1)C=C(N2CC(=O)O)C(=O)NC3=NC(=CS3)C4=CC=CC=C4Cl,-9.03
CC1=C(N=C(C(=N1)C)C)C,-3.82
CC(C)CC(C(=O)O)N,7.0
CC(=O)N(CCCCCNC(=O)CCC(=O)N(CCCCCNC(=O)CCC(=O)N(CCCCCN)O)O)O,-4.45
CN(C1CCCCC1)C(=O)N2C=C(N=C2)C3=CN=CC=C3,22.0
CC=C1C2CC3=C(C1(CC(=C2)C)N)C=CC(=O)N3,13.8
CC(CCC(=O)O)C1CCC2C1(CCC3C2CCC4C3(CCCC4)C)C,-1.0
C1=COC(=C1)CNC2=CC(=C(C=C2C(=O)O)S(=O)(=O)N)Cl,-6.88
CC1=CC(=O)C2=C(C1=O)C=CC=C2O,9.0
COC1=CC=CC(=C1[O-])C=NCCN=CC2=C(C(=CC=C2)OC)[O-].[Cl-].[Mn+3],29.0
C(C1C(C(C(C(O1)O)O)O)O)O,0.0
CCCCCC1=CC(=C(C(=C1)O)C2C=C(CCC2C(=C)C)C)O,1.25
C1C(C(OC2=CC(=CC(=C21)O)O)C3=CC(=C(C=C3)O)O)O,6.5
CC(CCC(=O)O)C1CCC2C1(CCC3C2CCC4C3(CCCC4)C)C,4.0
CC1=C(C(=CC=C1)C)OCC2=CC(=NO2)C(=O)N3CCC(CC3)C4=CC=NC=C4,29.0
C1=CC=C(C=C1)C2=CC(=O)C3=C(O2)C=C(C(=C3O)O)O,4.4
C(CCN=C(N)N)CN,-20.0
C=C(C(=O)O)OP(=O)(O)O,12.0
CN1C=NC2=C1C(=O)N(C(=O)N2C)C,17.2
C1CN(CCN1CC=CC2=CC=CC=C2)C(C3=CC=C(C=C3)F)C4=CC=C(C=C4)F.Cl.Cl,0.63
C(C(=O)O)N,17.6
C1CCC(C1)N2C=C(C3=C(N=CN=C32)N)C4=CC=C(C=C4)OC5=CC=CC=C5,11.0
CC1=CNC(=O)NC1=O,0.0
C1=C(NC=N1)CC(C(=O)O)N,9.0
[O-]S(=O)(=O)[O-].[Zn+2],-14.0
COC1=C(C2=C[N+]3=C(C=C2C=C1)C4=CC5=C(C=C4CC3)OCO5)OC,-4.42
C1=CC(=CC=C1N)S(=O)(=O)C2=CC=C(C=C2)N,22.11
C(C(C(=O)O)N)[Se],24.34
C1=CC=C2C(=C1)C=NN=C2NN,14.83
CN1C=NC2=C1C(=O)N(C(=O)N2C)C,15.39
C1=CC(=C(C=C1C(=O)O)O)O,23.0
CC1=CCCC(=C)C2CC(C2CC1)(C)C,22.2
C1=CC(=CC=C1CC(C(=O)O)N)O,5.0
CCNC(=O)CCC(C(=O)O)N,3.6
C1=C(C=C(C(=C1O)O)O)C(=O)O,10.0
CC1C(C(C(C(O1)OC2C(C(C(OC2OC3=CC(=C4C(=O)CC(OC4=C3)C5=CC=C(C=C5)O)O)CO)O)O)O)O)O,23.0
CC(C)C1=CC2=C(C=C1)C3(CCCC(C3CC2)(C)C(=O)O)C,12.8
CCOC(=O)C=CC(=O)OCC,-6.68
C(C(C(=O)O)N)[Se],24.16
CCCCCCCC(=O)OC1C2C(=C(C1OC(=O)C(=CC)C)C)C3C(C(CC2(C)OC(=O)C)OC(=O)CCC)(C(C(=O)O3)(C)O)O,7.5
CC(=CCNC1=NC=NC2=C1NC=N2)CO,-4.0
CC(=CCNC1=NC=NC2=C1NC=N2)CO,-9.0
CCC(C)C(C(=O)O)N,3.0
C(C1C(C(C(C(O1)O)N)O)O)O,-0.13
C1(C(C(C(C(C1O)O)O)O)O)O,25.0
C1=CC=C2C(=C1)C(=C(OC2=O)Cl)Cl,13.0
C1=CC(=C(C=C1C2=CC(=O)C3=C(C=C(C=C3O2)O)O)O)O,-4.5
CCCCCCCCCCC1C(OC1=O)CCC2=CC(=C(C=C2)OC)OC,-10.0
C(C(C1C(=C(C(=O)O1)O)O)O)O,-3.59
CCNC(=O)CCC(C(=O)O)N,14.0
C=CCSSSCC=C,13.0
C(C1C(C(C(C(O1)O)O)O)O)O,1.0
CCNC(=O)CCC(C(=O)O)N,8.0
[Li+].[Cl-],36.0
COC1=CC(=CC(=C1)C=CC2=CC=C(C=C2)O)OC,-33.99
CC(CS)C(=O)N1CCCC1C(=O)O,23.0
COC1=CC(=CC(=C1O)C(CO)C(C2=CC(=C(C=C2)O)OC)O)CC3COC(=O)C3CC4=CC(=C(C=C4)O)OC,11.3
C1=CC(=C(C=C1C2=C(C(=O)C3=C(C=C(C=C3O2)O)O)O)O)O,10.0
C1CN(CCN1CCC2=C(C=C3C(=C2)CC(=O)N3)Cl)C4=NSC5=CC=CC=C54.O.Cl,-20.7
C1=CC(=C2C(=O)C=CC(=O)C2=C1O)O,8.0
COC1=C(C=CC(=C1)C=CC(=O)CC(=O)C=CC2=CC(=C(C=C2)O)OC)O,39.0
C1=CC=C(C=C1)C2=CC(=O)C3=C(O2)C=C(C(=C3O)O)O,18.49
COC1=C(C2=C[N+]3=C(C=C2C=C1)C4=CC5=C(C=C4CC3)OCO5)OC,3.1
CCN1C(=O)C(NC1=O)C2=CC=CC=C2,-0.87
C(C(C(CS)O)O)S,2.56
C(C1C(C(C(C(O1)O)O)O)O)O,-28.0
C(C(CO)O)O,-24.0
CC1(C2CC3C(C(=O)C(=C(C3(C(=O)C2=C(C4=C1C=CC=C4O)O)O)O)C(=O)N)N(C)C)O.Cl,13.7
COC1=C(C2=C[N+]3=C(C=C2C=C1)C4=CC5=C(C=C4CC3)OCO5)OC,-13.56
CN(C)C(=N)N=C(N)N,13.79
C1=CC(=C(C=C1C=CC(=O)OC(C(C(=O)O)OC(=O)C=CC2=CC(=C(C=C2)O)O)C(=O)O)O)O,15.78
CC1=CC(=O)N(C(=C1)C2CCCCC2)O.C(CO)N,41.0
C1=CC=C(C=C1)CCNN.OS(=O)(=O)O,-0.84
CC(=CCCC1(C2CCC(C2)C1=C)C)CO,12.56
CC(=O)C1CCC2C1(CCC3C2CC=C4C3(CCC(C4)O)C)C,20.0
C(CCNCCCN)CN,15.0
COC1=C(C=CC(=C1)C=CC(=O)CC(=O)C=CC2=CC(=C(C=C2)O)OC)O,-4.89
C1=CC(=C(C=C1C=CC(=O)O)O)O,15.57
C1C(C(OC2=CC(=CC(=C21)O)O)C3=CC(=C(C(=C3)O)O)O)OC(=O)C4=CC(=C(C(=C4)O)O)O,1.42
CC1(C(=O)N(C(=O)O1)C)C,41.0
CSCCC(C(=O)O)N,4.0
C(CS)C(C(=O)O)N,13.0
C(CC(=O)O)C(C(=O)O)N,-8.0
CCCCCCCC(=O)[O-],-5.0
CN1C=NC2=C1C(=O)NC(=O)N2,8.41
C1C(C(C(C(O1)O)O)O)O,9.0
C1=CC(=C(C2=C1C3=CC(=C(C=C3C(=O)O2)O)O)O)O,19.0
C1=COC(=C1)CNC2=CC(=C(C=C2C(=O)O)S(=O)(=O)N)Cl,-7.35
CC1=CC(=O)C2=C(C1=O)C=CC=C2O,-3.0
COC1=C(C=C(C=C1)CC2COC(=O)C2CC3=CC(=C(C=C3)O)OC)OC,13.7
C[N+](C)(C)CCO.[Cl-],-1.74
CCC(C)(C)C(=O)OC1CC(C=C2C1C(C(C=C2)C)CCC3CC(CC(=O)O3)O)C,13.2
C(C(C(C(C(C(=O)O)O)O)O)O)O,8.0
CCC(C)(C)C(=O)OC1CC(C=C2C1C(C(C=C2)C)CCC3CC(CC(=O)O3)O)C,2.5
COC1=C(C=CC(=C1)C=CC(=O)O)O,4.46
C1=CC=C(C=C1)P2(=S)NC3=CC=CC=C3O2,33.8
C1=C(NC(=O)NC1=O)C(=O)[O-],14.8
CCCCCCCCCCCCCCCC(=O)O,-5.55
C1=C(NC=N1)CC(C(=O)O)NC(=O)CCN,1.0
CC1=C(C(=O)N(N1C)C2=CC=CC=C2)N(C)CS(=O)(=O)O,18.3
CCC(C)C(C(=O)O)N,3.0
COC1=C(C2=C[N+]3=C(C=C2C=C1)C4=CC(=C(C=C4CC3)OC)OC)OC,-9.4
C1=C2C3=C(C(=C1O)O)OC(=O)C4=CC(=C(C(=C43)OC2=O)O)O,3.63
C1=C(C=C(C(=C1O)O)O)C(=O)OC2=CC(=CC(=C2O)O)C(=O)OCC3C(C(C(C(O3)OC(=O)C4=CC(=C(C(=C4)OC(=O)C5=CC(=C(C(=C5)O)O)O)O)O)OC(=O)C6=CC(=C(C(=C6)OC(=O)C7=CC(=C(C(=C7)O)O)O)O)O)OC(=O)C8=CC(=C(C(=C8)OC(=O)C9=CC(=C(C(=C9)O)O)O)O)O)OC(=O)C1=CC(=C(C(=C1)OC(=O)C1=CC(=C(C(=C1)O)O)O)O)O,16.0
C1=CC=C2C(=C1)C3=C(C=C(C=C3)O)OC2=O,36.6
C1=CC=C(C(=C1)CN)O,56.0
C1=CC=C(C=C1)CNC2=NC=NC3=C2NC=N3,3.0
CC(=CCCC(=CCOC1=CC2=C(C=C1)C=CC(=O)O2)C)C,-2.52
CC(CCC(=O)O)C1CCC2C1(CCC3C2CCC4C3(CCCC4)C)C,1.0
CC(=O)NC(CC1=CN=CN1)C(=O)O,10.0
CCC1=C(C2=NC1=CC3=C(C4=C(C(C(=C4[N-]3)C5=NC(=CC6=NC(=C2)C(=C6C)C=C)C(C5CCC(=O)OCC=C(C)CCCC(C)CCCC(C)CCCC(C)C)C)C(=O)OC)[O-])C)C.[Mg+2],13.9
C1=CC(=C(C=C1[N+](=O)[O-])Cl)NC(=O)C2=C(C=CC(=C2)Cl)O,0.1
CC(=CCCC1(C2CC3C1(C3C2)C)C)CO,0.94
CC(=O)O.C1=CC(=C(C(=C1)Cl)C=NN=C(N)N)Cl,12.0
CC(C(=O)[O-])O,6.0
CN1CCCCC1CCN2C3=CC=CC=C3SC4=C2C=C(C=C4)SC.Cl,31.0
CSC,24.33
C1=CC(=C(C=C1C2=C(C(=O)C3=C(C=C(C=C3O2)O)O)O)O)O,11.0
C1=CC(=CC=C1C=CC2=CC(=CC(=C2)O)O)O,5.0
C1=CC(=C(C=C1CC(C(=O)O)OC(=O)C=CC2=CC(=C(C=C2)O)O)O)O,40.04
C[N+]1=CC=C(C=C1)C2=CC=[N+](C=C2)C,23.73
C1=CC=C(C(=C1)C=NCCN=CC2=CC=CC=C2[O-])[O-].[Cl-].[Mn+3],-83.7
C1C(=O)NC2=C(C=C(C=C2)Cl)C(S1)C3=CC=CC=C3Cl,14.9
CC=C(C)C(C(C)C=C(C)C=CCC(=CCC1=C(C(=O)C(=C(N1)OC)OC)C)C)O,5.0
C1=CC=C(C=C1)CCOC(=O)C=CC2=CC(=C(C=C2)O)O,9.0
CS(=O)CCCCN=C=S,13.31
C1=CC=C(C=C1)CCN=C(N)N=C(N)N,29.0
COC1=C(C=C(C=C1)CC2COC(=O)C2CC3=CC(=C(C=C3)O)OC)OC,6.7
CC(=CCCC(=CCCC(=CCCC1(CCC2=C(O1)C=CC(=C2)O)C)C)C)C,8.6
COC1=C(C=CC(=C1)CC2COC(=O)C2CC3=CC(=C(C=C3)O)OC)O,14.0
C(CC(=O)O)C(=O)C(=O)O,15.0
CC1CCC2CC(C(=CC=CC=CC(CC(C(=O)C(C(C(=CC(C(=O)CC(OC(=O)C3CCCCN3C(=O)C(=O)C1(O2)O)C(C)CC4CCC(C(C4)OC)O)C)C)O)OC)C)C)C)OC,25.9
CC(C)(C=C)C1=C(C=C(C(=C1)C=CC(=O)C2=CC=C(C=C2)O)OC)O,-20.92
CN1C=NC2=C1C(=O)N(C(=O)N2C)C,21.6
CCCCCCCCC1C(C(=C)C(=O)O1)C(=O)O,-6.25
CC1=C(C(=O)C=C2C1=CC=C3C2(CCC4(C3(CCC5(C4CC(CC5)(C)C(=O)O)C)C)C)C)O,13.8
C1=CC(=C(C=C1C2=C(C(=O)C3=C(C=C(C=C3O2)O)O)O)O)O,18.0
CC1=C(C(CC(C1=O)O)(C)C)C=CC(=CC=CC(=CC=CC=C(C)C=CC=C(C)C=CC2=C(C(=O)C(CC2(C)C)O)C)C)C,9.71
C1COCCN1[N+]2=CC(=N)O[N-]2.Cl,-2.55
C1CCN(C1)C(=O)N2C=CN=N2,-12.0
C1=CC=C2C(=C1)C(=CN2)CC(C(=O)O)N,6.0
CC(=C)CCO,19.23
CN(C)CCCN1C2=CC=CC=C2SC3=CC=CC=C31.Cl,2.56
CC1(C(=O)N(C(=O)O1)C)C,24.0
C(C(C(=O)O)N)O,8.0
CN(C)C(=N)N=C(N)N,30.6
CC1=CC(=O)C2=CC=CC=C2C1=O,-8.72
CN(C)C1C2CC3CC4=C(C=CC(=C4C(=C3C(=O)C2(C(=C(C1=O)C(=O)N)O)O)O)O)N(C)C,30.0
CC(=CCCC1(C2CCC(C2)C1=C)C)CO,-2.73
CC1=C(C2=C(CCC(O2)(C)CCCC(C)CCCC(C)CCCC(C)C)C(=C1O)C)C,2.9
C1=CNC(=O)NC1=O,0.0
C1=CC(=C(C=C1C2=CC(=O)C3=C(C=C(C=C3O2)O)O)O)O,17.65
C1=CC(=CC=C1O)OC2C(C(C(C(O2)CO)O)O)O,11.89
C1=CC=C2C(=C1)C3=CC=CC4=C3C2=CC=C4,-52.82
C1CN(CCN1CCCN2C3=CC=CC=C3SC4=C2C=C(C=C4)Cl)CCO,-16.16
CCCCC(=O)OC1CCC2C1(CCC3C2CCC4=C3C=CC(=C4)O)C,18.5
CC1=NN=C(S1)SCC2=C(N3C(C(C3=O)NC(=O)CN4C=NN=N4)SC2)C(=O)[O-].[Na+],-18.63
CC1C=CC=C(C(=O)NC2=C(C(=C3C(=C2O)C(=C(C4=C3C(=O)C(O4)(OC=CC(C(C(C(C(C(C1O)C)O)C)OC(=O)C)C)OC)C)C)O)O)C=NN5CCN(CC5)C)C,34.8
C1=COC(C2C1C(C3C2(O3)CO)OC(=O)C=CC4=CC=C(C=C4)O)OC5C(C(C(C(O5)CO)O)O)O,11.8
CC(CCC(=O)O)C1CCC2C1(CCC3C2CCC4C3(CCCC4)C)C,4.0
CCCCCC(=O)OC1(CCC2C1(CCC3C2CCC4=CC(=O)CCC34C)C)C(=O)C,-0.4
C1=CC(=CC=C1C=CC2=CC(=CC(=C2)O)O)O,30.4
C(CN)C(=O)O,5.0
CC1C(C(C(C(O1)OC2C(C(C(OC2OC3=CC(=C4C(=O)CC(OC4=C3)C5=CC=C(C=C5)O)O)CO)O)O)O)O)O,13.5
CN(CC(=O)O)C(=N)N,-20.0
CC(C=C(C)C=CC(=O)NO)C(=O)C1=CC=C(C=C1)N(C)C,22.1
CC(=O)NC1C(CC(C(C1O)O)CO)SC,20.0
CCC(C)C1C(=O)NC(C(=O)NC(=C)C(=O)NC(C(=O)NC23CCC(=NC2C4=CSC(=N4)C(C(OC(=O)C5=NC6=C(C=CC(C6O)N1)C(=C5)C(C)O)C)NC(=O)C7=CSC(=N7)C(NC(=O)C8CSC(=N8)C(=CC)NC(=O)C(NC(=O)C9=CSC3=N9)C(C)O)C(C)(C(C)O)O)C1=NC(=CS1)C(=O)NC(=C)C(=O)NC(=C)C(=O)N)C)C,3.75
C(C(=O)[O-])C(CC(=O)[O-])(C(=O)[O-])O.N.[Fe+3],0.53
C1C(C(OC2=CC(=CC(=C21)O)O)C3=CC(=C(C(=C3)O)O)O)OC(=O)C4=CC(=C(C(=C4)O)O)O,-16.6
CC(=O)NC(CS)C(=O)O,-27.2
C1=C(NC=N1)CC(C(=O)O)NC(=O)CCN,4.0
C(C(C(=O)O)N)O,9.0
C1=CC(=C(C=C1C2=C(C(=O)C3=C(C=C(C=C3O2)O)O)O)O)O,10.0
C1C2C(COC2C3=CC4=C(C=C3)OCO4)C(O1)C5=CC6=C(C=C5)OCO6,16.93
CCN1C=C(C(=O)C2=CC(=C(C(=C21)F)N3CCNC(C3)C)F)C(=O)O.Cl,0.63
CN(C1CCCCC1)C(=O)N2C=C(N=C2)C3=C[N+](=CC=C3)[O-],3.0
CC(C)CC(C(=O)O)N,16.0
CCCCCCCC(=O)C1=CC(=C(C=C1)O)C(=O)O,18.3
COC1=C(C=C(C=C1)C2=CC(=O)C3=C(O2)C(=C(C(=C3OC)OC)OC)OC)OC,8.7
CN1C(=O)C23CC4=CC=CC(C4N2C(=O)C1(SS3)CO)O,-4.02
C1=CC(=CC=C1C=CC2=CC(=CC(=C2)O)O)O,60.23
CC(CCC(=O)O)C1CCC2C1(CCC3C2CCC4C3(CCCC4)C)C,24.0
C1=CC=C(C(=C1)C=NCCN=CC2=CC=CC=C2[O-])[O-].[Cl-].[Mn+3],33.0
COC(=O)C(CC1=CN=CN1)N,4.0
CC(=O)NC(CS)C(=O)O,27.1
COC1=C(C=CC(=C1)C2C(OC3=C(O2)C=C(C=C3)C4=C(C(=O)C5=C(C=C(C=C5O4)O)O)O)CO)O,2.16
C1C(C(OC2=CC(=CC(=C21)O)O)C3=CC(=C(C=C3)O)O)OC4(C(C(C5=C(C=C(C=C5O4)O)O)O)O)C6=CC(=C(C=C6)O)O,12.1
C1=CC=C(C=C1)CCC2C(=CCCCCC(=O)N)C(=O)O2,-6.0
C1=C(C=C(C(=C1O)O)O)C2=C(C(=O)C3=C(C=C(C=C3O2)O)O)O,32.9
COCCNC(=O)COC1=CC=C(C=C1)OCCNCC(COC2=CC=CC=C2)O.Cl,0.57
CC(COC1=CC=CC=C1)N(CCCl)CC2=CC=CC=C2.Cl,4.0
C(CC(C(=O)O)N)CN=C(N)N,15.0
C(CC(=O)[O-])C(=O)[O-],11.0
C1CCC(CC1)NC(=O)OC2=CC=CC(=C2)C3=CC(=CC=C3)C(=O)N,2.0
C1=C(NC=N1)CC(C(=O)O)N,4.0
CC1=C(C2=C(CCC(O2)(C)CCCC(C)CCCC(C)CCCC(C)C)C(=C1O)C)C,20.6
C1C(C(C(C(C1N)OC2C(C(C(C(O2)CN)O)O)O)O)OC3C(C(C(C(O3)CO)O)N)O)N.OS(=O)(=O)O,5.1
COC(=O)C(CC1=CN=CN1)N,9.0
C1=CC=C(C=C1)CNC2=NC=NC3=C2NC=N3,0.0
CCC1(CC(=O)NC1=O)C,21.11
[Cl-].[K+],23.23
COC1=C(C=C(C=C1)C2=C(C(=O)C3=C(C=C(C=C3O2)O)O)O)O,11.46
C(CS)C(C(=O)O)N,7.0
CCCCCC1=CC(=C(C(=C1)O)C2C=C(CCC2C(=C)C)C)O,-2.67
CC(C)CC(C(=O)NC(C)C(=O)NC(C(C)C)C(=O)NC(C(C)C)C(=O)NC(C(C)C)C(=O)NC(CC1=CNC2=CC=CC=C21)C(=O)NC(CC(C)C)C(=O)NC(CC3=CNC4=CC=CC=C43)C(=O)NC(CC(C)C)C(=O)NC(CC5=CNC6=CC=CC=C65)C(=O)NC(CC(C)C)C(=O)NC(CC7=CNC8=CC=CC=C87)C(=O)NCCO)NC(=O)C(C)NC(=O)CNC(=O)C(C(C)C)NC=O,-3.93
CN1C=NC2=C1C(=O)N(C(=O)N2C)C,-40.9
CCC1(CC(=O)NC1=O)C,35.0
CN(CC(=O)O)C(=N)N,-18.0
CN(C)C(=O)N=NC(=O)N(C)C,1.74
CN(C)C(=N)N=C(N)N,26.52
C1=CC2=C(C=C1O)C(=O)OC3=C2C=CC(=C3)O,24.0
CN(C)C(=N)N=C(N)N,36.9
C1CC(CCC1NC(=O)COC2=CC=C(C=C2)Cl)NC(=O)COC3=CC=C(C=C3)Cl,-3.0
C1=CC(=C(C=C1C2=CC(=O)C3=C(C=C(C=C3O2)O)O)O)O,0.47
CN(CC(=O)O)C(=N)N,-4.0
CC1(C=CC2=C(O1)C=CC3=C2OC4COC5=CC(=C(C=C5C4C3=O)OC)OC)C,-2.23
C(C(C(C(C(CO)O)O)O)O)O,17.9
C1C2=C(C3=CC=CC=C3NC1=O)NC4=C2C=C(C=C4)Br,27.0
CC1CC(C(C(C=C(C(C(C=CC=C(C(=O)NC2=CC(=O)C(=C(C1)C2=O)OC)C)OC)OC(=O)N)C)C)O)OC,3.51
CC1=CC(=O)C2=C(C1=O)C=CC=C2O,-84.0
CC(CCC(=O)O)C1CCC2C1(CCC3C2CCC4C3(CCCC4)C)C,6.0
C(C(=O)C(=O)O)C(=O)O,25.0
C1=CC(=C(C=C1C2=C(C(=O)C3=C(C=C(C=C3O2)O)O)O)O)O,10.82
C1=CC2=C(C=C1O)C(=O)OC3=C2C=CC(=C3)O,37.5
CC(CCC(=O)O)C1CCC2C1(CCC3C2CCC4C3(CCCC4)C)C,6.0
CC(CCNC1=NC=NC2=C1NC=N2)CO,0.0
C1CN(CCC1=CC2=CC(=CC=C2)OC3=NC=C(C=C3)C(F)(F)F)C(=O)NC4=NN=CC=C4,-11.0
C1(C(=O)NC(=O)N1)NC(=O)N,21.9
C[N+](C)(C)CCO.[Cl-],-1.3
COC1=CC(=C2C(=C1)OC(=CC2=O)C3=CC=CC=C3)O,21.0
C1=CC(=CC=C1C=CC2=CC(=CC(=C2)O)O)O,-4.0
C1=CC(=C(C=C1C2=C(C(=O)C3=C(C=C(C=C3O2)O)O)O)O)O,10.0
CC12CC3CC(C1)(CC(C3)(C2)N)C.Cl,9.2
C1=C2C3=C(C(=C1O)O)OC(=O)C4=CC(=C(C(=C43)OC2=O)O)O,0.93
CCCCCCCC(=O)[O-],7.0
CCOC(=O)N1CCN(CC1)[N+](=NOC2=C(C=C(C=C2)[N+](=O)[O-])[N+](=O)[O-])[O-],0.8
C1=CC(=CC=C1C=CC2=CC(=CC(=C2)O)O)O,14.0
C1(C(C(C(C(C1O)O)O)O)O)O,-4.0
CCCCCCC1C(C(OC(=O)C(C(OC1=O)C)NC(=O)C2=C(C(=CC=C2)NC=O)O)C)OC(=O)CC(C)C,-63.91
CC1=C(C(C(=C(N1)C)C(=O)OCCN(C)CC2=CC=CC=C2)C3=CC(=CC=C3)[N+](=O)[O-])C(=O)OC.Cl,23.0
CC1=C2C(=NC=C1)N(C3=C(C=CC=N3)C(=O)N2)C4CC4,0.62
C(CC(=O)O)C(=O)C(=O)O,7.0
CC(=O)C1(CCC2C1(CCC3C2C=C(C4=CC(=O)C5CC5C34C)Cl)C)OC(=O)C,23.0
CC(=CCCC1(C2CC3C1(C3C2)C)C)CO,0.63
C1=CC(=C(C=C1C=CC(=O)O)O)O,11.3
C(C1C(C(C(C(O1)O)O)O)O)O,-9.0
C1=CC(=CC=C1C=CC2=CC(=CC(=C2)O)O)O,0.5
C1=CC(=C(C2=C1C3=CC(=C(C=C3C(=O)O2)O)O)O)O,19.0
C(C1C(C(C(C(O1)O)O)O)O)O,-11.0
CN1C2=C(C(=O)NC1=O)NC=N2,0.93
C1C(C(OC1N2C=C(C(=O)NC2=O)F)CO)O,-18.66
CC1(C(=O)N(C(=O)O1)C)C,39.0
CN(C)C(=N)N=C(N)N,29.7
C1=CC(=C(C=C1C=CC2=CC(=CC(=C2)O)O)O)O,18.3
CC1=C(C2=C(CCC(O2)(C)CCCC(C)CCCC(C)CCCC(C)C)C(=C1O)C)C,23.0
COC1=CC(=CC(=C1C(=O)C=CC2=CC=CC=C2)O)O,-10.9
C1=CC(=CC=C1C=CC2=CC(=CC(=C2)O)O)O,12.8
CN1C=NC2=C1C(=O)N(C(=O)N2C)C,10.8
CCC(C)C1C(=O)NC(C(=O)NC(=C)C(=O)NC(C(=O)NC23CCC(=NC2C4=CSC(=N4)C(C(OC(=O)C5=NC6=C(C=CC(C6O)N1)C(=C5)C(C)O)C)NC(=O)C7=CSC(=N7)C(NC(=O)C8CSC(=N8)C(=CC)NC(=O)C(NC(=O)C9=CSC3=N9)C(C)O)C(C)(C(C)O)O)C1=NC(=CS1)C(=O)NC(=C)C(=O)NC(=C)C(=O)N)C)C,-7.42
CN1C=NC2=C1C(=O)N(C(=O)N2C)C,31.9
CC1C=CC=C(C(=O)NC2=C(C(=C3C(=C2O)C(=C(C4=C3C(=O)C(O4)(OC=CC(C(C(C(C(C(C1O)C)O)C)OC(=O)C)C)OC)C)C)O)O)C=NN5CCN(CC5)C)C,45.3
CC[N+]1=C2C=C(C=CC2=C3C=CC(=CC3=C1C4=CC=CC=C4)N)N.[Br-],30.1
CCC1(CC2CC(C3=C(CCN(C2)C1)C4=CC=CC=C4N3)(C5=C(C=C6C(=C5)C78CCN9C7C(C=CC9)(C(C(C8N6C=O)(C(=O)OC)O)OC(=O)C)CC)OC)C(=O)OC)O.OS(=O)(=O)O,-3.18
CC1=CC(=C(C(=C1)C)N=C2C=C3C4=CC(=C(C=C4CCN3C(=O)N2C)OC)OC)C.Cl,27.0
C1CCC(CC1)[Si](CCCN2CCCCC2)(C3=CC=CC=C3)O,15.0
CC(=CCCC(=CCCC(=CCCC1(CCC2=C(O1)C=CC(=C2)O)C)C)C)C,21.0
C(C(=O)O)N,3.0
CC(CN1C2=CC=CC=C2SC3=CC=CC=C31)N(C)C.Cl,32.0
CC1C(C(C(C(O1)OC2C(C(OC(C2OC(=O)C=CC3=CC(=C(C=C3)O)O)COC4C(C(C(C(O4)CO)O)O)O)OCCC5=CC(=C(C=C5)O)O)O)O)O)O,13.64
C(CC(=O)O)C(=O)C(=O)O,10.0
C1=CC(=CC=C1C(=O)NC(CCC(=O)O)C(=O)O)NCC2=CN=C3C(=N2)C(=O)NC(=N3)N,15.0
C(CC(C(=O)O)N)CN=C(N)N,8.0
C1=CC(=CC=C1C=CC2=CC(=CC(=C2)O)O)O,8.1
CC(=O)C=C1C2=CC=CC=C2N(C1=O)C,-10.22
CCN1C=C(C(=O)C2=CC(=C(N=C21)N3CCNCC3)F)C(=O)O,18.0
CC(=CCO)C,18.22
CC1(C(CCC23C1C(CC4C2(C3)CCC5(C4(CC(C5C6(CCC(O6)C(C)(C)O)C)O)C)C)OC7C(C(C(C(O7)CO)O)O)O)OC8C(C(C(CO8)O)O)O)C,13.89
CC1=CC(=O)C2=C(C1=O)C=CC=C2O,-90.0
CC(=O)C=C1C2=CC=CC=C2N(C1=O)C,-4.07
C(CC(=O)NC(CS)C(=O)NCC(=O)O)C(C(=O)O)N,-13.9
CC1NC2=CC(=C(C=C2C(=O)N1C3=CC=CC=C3C)S(=O)(=O)N)Cl,29.46
C1=C(C2=C(C(=O)C(=O)C3=C2NC(=C3)C(=O)O)N=C1C(=O)O)C(=O)O,10.0
CC1C2C(C3C(C(=O)C(=C(C3(C(=O)C2=C(C4=C1C=CC=C4O)O)O)O)C(=O)N)N(C)C)O,23.7
C1C2C(COC2C3=CC4=C(C=C3)OCO4)C(O1)C5=CC6=C(C=C5)OCO6,9.55
C1C(C(C(CC1(C(=O)O)O)O)O)O,6.9
CN1CCC(=CC1)C2=CC=CC=C2,8.0
CC1=NN=C(S1)SCC2=C(N3C(C(C3=O)NC(=O)CN4C=NN=N4)SC2)C(=O)[O-].[Na+],-4.27
COC1=CC(=CC(=C1O)C(CO)C(C2=CC(=C(C=C2)O)OC)O)CC3COC(=O)C3CC4=CC(=C(C=C4)O)OC,11.5
CN(C)C1C2CC3CC4=C(C=CC(=C4C(=C3C(=O)C2(C(=C(C1=O)C(=O)N)O)O)O)O)N(C)C,48.0
CN1CCN(CC1)C2CC3=CC=CC=C3SC4=C2C=C(C=C4)Cl.C(=CC(=O)O)C(=O)O,38.0
C1=C2C3=C(C(=C1O)O)OC(=O)C4=CC(=C(C(=C43)OC2=O)O)O,-4.3
C1=CC(=C(C=C1C=CC(=O)O)O)O,11.0
CC1(C(CCC23C1C(CC4C2(C3)CCC5(C4(CC(C5C6(CCC(O6)C(C)(C)O)C)O)C)C)OC7C(C(C(C(O7)CO)O)O)O)OC8C(C(C(CO8)O)O)O)C,27.78
C1C(C(C(C(C1NC(=O)C(CCN)O)OC2C(C(C(C(O2)CO)O)N)O)O)OC3C(C(C(C(O3)CN)O)O)O)N.O,10.03
C1=CC=C(C(=C1)C=NCCN=CC2=CC=CC=C2[O-])[O-].[Cl-].[Mn+3],-12.9
CC1=CC2=C(C=C1)OCC(=CC3=CC(=C(C=C3)OC)O)C2=O,-5.2
CCCC(CCC)C(=O)O,35.0
C1=CC=C(C=C1)C2=CC(=O)C3=C(C=C(C=C3O2)O)O,-1.91
C(CC(=O)N)C(C(=O)O)N,-6.0
C1=C(NC=N1)CC(C(=O)O)N,10.0
C(CCN)CC(C(=O)O)N,8.0
CC1=CC(=NO1)NS(=O)(=O)C2=CC=C(C=C2)N,18.0
CC(C)CC1=CC=C(C=C1)C(C)C(=O)O,7.39
COC1=CC=CC(=C1O)O,-0.24
C1=C(C=C(C(=C1O)O)O)C(=O)OC2=CC(=CC(=C2O)O)C(=O)OCC3C(C(C(C(O3)OC(=O)C4=CC(=C(C(=C4)OC(=O)C5=CC(=C(C(=C5)O)O)O)O)O)OC(=O)C6=CC(=C(C(=C6)OC(=O)C7=CC(=C(C(=C7)O)O)O)O)O)OC(=O)C8=CC(=C(C(=C8)OC(=O)C9=CC(=C(C(=C9)O)O)O)O)O)OC(=O)C1=CC(=C(C(=C1)OC(=O)C1=CC(=C(C(=C1)O)O)O)O)O,-10.64
CC(=O)OC1=CC=CC=C1C(=O)O,14.24
CCCCCC=CC(=O)CCC1=CC(=C(C=C1)O)OC,25.9
CCCCCCCCCC(=O)NC(CN1CCOCC1)C(C2=CC=CC=C2)O,37.5
CCC1(CC(=O)NC1=O)C,13.0
C(C(=O)O)N,7.85
CC1=CC(=O)C2=C(C1=O)C=CC=C2O,12.0
C1=CC(=CC=C1C2=COC3=CC(=CC(=C3C2=O)O)O)O,-0.72
CCC(C)N1C(=O)N(C=N1)C2=CC=C(C=C2)N3CCN(CC3)C4=CC=C(C=C4)OCC5COC(O5)(CN6C=NC=N6)C7=C(C=C(C=C7)Cl)Cl,-3.08
C1=CC(=CC=C1CNC2=NC=NC3=C2NC=N3)O,8.0
C1C(C(C(CC1(C(=O)O)O)O)O)O,-3.6
COC1=CC=C(C=C1)C2=CC=C(C=C2)C3=CN(N=N3)C(=O)N4CCCCC4C5=CC=CC=C5,-9.0
C1=CC(=CC=C1C2=CC(=O)C3=C(O2)C(=C(C=C3O)O)C4C(C(C(C(O4)CO)O)O)O)O,17.2
CN1C=NC2=C1C(=O)NC(=O)N2C,-0.85
C1=CC=C(C(=C1)C=NCCN=CC2=CC=CC=C2[O-])[O-].[Cl-].[Mn+3],-6.1
C1=CC2=NC=NN2C=C1,12.0
C1=CC2=C(C=C1O)C(=O)OC3=C2C=CC(=C3)O,40.7
CC1CCC2CC(C(=CC=CC=CC(CC(C(=O)C(C(C(=CC(C(=O)CC(OC(=O)C3CCCCN3C(=O)C(=O)C1(O2)O)C(C)CC4CCC(C(C4)OC)O)C)C)O)OC)C)C)C)OC,18.9
CC1=C2C(=NC=C1)N(C3=C(C=CC=N3)C(=O)N2)C4CC4,-5.46
CC(=C)CCO,25.26
C1=CC(=C(C=C1C2=C(C(=O)C3=C(C=C(C=C3O2)O)O)O)O)O,11.0
CCC(C)C(=O)OC1CC(C=C2C1C(C(C=C2)C)CCC3CC(CC(=O)O3)O)C,13.14
CCC1(CC2CC(C3=C(CCN(C2)C1)C4=CC=CC=C4N3)(C5=C(C=C6C(=C5)C78CCN9C7C(C=CC9)(C(C(C8N6C=O)(C(=O)OC)O)OC(=O)C)CC)OC)C(=O)OC)O.OS(=O)(=O)O,-4.32
C1C2C(COC2OC3=CC4=C(C=C3)OCO4)C(O1)C5=CC6=C(C=C5)OCO6,2.92
C1C(C(OC2=CC(=CC(=C21)O)O)C3=CC(=C(C(=C3)O)O)O)OC(=O)C4=CC(=C(C(=C4)O)O)O,-1.7
CN(C)C1C2CC3CC4=C(C=CC(=C4C(=C3C(=O)C2(C(=C(C1=O)C(=O)N)O)O)O)O)N(C)C,6.0
CCCCN1CCCCC1C(=O)NC2=C(C=CC=C2C)C.Cl,7.43
C1C(C(OC2=CC(=CC(=C21)O)O)C3=CC(=C(C(=C3)O)O)O)OC(=O)C4=CC(=C(C(=C4)O)O)O,-7.9
C(CC(=O)N)C(C(=O)O)N,15.0
C1C(C(C(CC1(C(=O)O)O)OC(=O)C=CC2=CC(=C(C=C2)O)O)O)O,20.1
CC1C=CC=C(C(=O)NC2=C(C(=C3C(=C2O)C(=C(C4=C3C(=O)C(O4)(OC=CC(C(C(C(C(C(C1O)C)O)C)OC(=O)C)C)OC)C)C)O)O)C=NN5CCN(CC5)C)C,42.6
CC1C(C(C(C(O1)OC2C(C(OC(C2OC(=O)C=CC3=CC(=C(C=C3)O)O)COC4C(C(C(C(O4)CO)O)O)O)OCCC5=CC(=C(C=C5)O)O)O)O)O)O,15.82
CC(C)CC1=CC=C(C=C1)C(C)C(=O)O,10.51
CN(C)C1C2CC3CC4=C(C=CC(=C4C(=C3C(=O)C2(C(=C(C1=O)C(=O)N)O)O)O)O)N(C)C,36.0
CCC1CC2=C(C=CC(=C2)O)C3=C1C4=C(CC3CC)C=C(C=C4)O,7.0
CC1C=CC=C(C(=O)NC2=C(C(=C3C(=C2O)C(=C(C4=C3C(=O)C(O4)(OC=CC(C(C(C(C(C(C1O)C)O)C)OC(=O)C)C)OC)C)C)O)O)C=NN5CCN(CC5)C)C,45.4
CC1CCCC(=O)CCCC=CC2=C(C(=CC(=C2)O)O)C(=O)O1,-19.05
CC(=CCNC1=NC=NC2=C1NC=N2)C,-2.0
C1=CC=C(C=C1)C2=CC(=O)C3=C(O2)C=C(C(=C3O)O)O,45.0
C1=CC(=C(C=C1O)O)C=CC2=CC(=CC(=C2)O)O,31.1
C1=C(C2=C(C(=O)C(=O)C3=C2NC(=C3)C(=O)O)N=C1C(=O)O)C(=O)O,19.53
CCN(CC)CCNC(=O)C1=C(C=CC(=C1)S(=O)(=O)C)OC.Cl,-6.63
CC(C)CC(C(=O)NC(C)C(=O)NC(C(C)C)C(=O)NC(C(C)C)C(=O)NC(C(C)C)C(=O)NC(CC1=CNC2=CC=CC=C21)C(=O)NC(CC(C)C)C(=O)NC(CC3=CNC4=CC=CC=C43)C(=O)NC(CC(C)C)C(=O)NC(CC5=CNC6=CC=CC=C65)C(=O)NC(CC(C)C)C(=O)NC(CC7=CNC8=CC=CC=C87)C(=O)NCCO)NC(=O)C(C)NC(=O)CNC(=O)C(C(C)C)NC=O,-3.69
C(C1C(C(C(C(O1)OC2C(C(C(C(O2)CO)O)O)O)O)O)O)O,0.0
C1C(C(C(CC1(C(=O)O)O)O)O)O,2.2
C(C(CO)O)O,21.0
C1CCC(CC1)(C2=CC3=CC=CC=C3S2)N4CCCCC4.Cl,14.0
CC1CCC2CC(C(=CC=CC=CC(CC(C(=O)C(C(C(=CC(C(=O)CC(OC(=O)C3CCCCN3C(=O)C(=O)C1(O2)O)C(C)CC4CCC(C(C4)OC)O)C)C)O)OC)C)C)C)OC,16.2
CC1=C(C2=C(C1=CC3=CC=C(C=C3)SC)C=CC(=C2)F)CC(=O)O,3.0
CCCOC(=O)C1=CC(=C(C(=C1)O)O)O,12.14
CC(C(=O)O)NC(=O)C(CC1=CC=C(C=C1)O)N,10.37
CCCCCCCCC=CCCCCCCCC(=O)OCC(COC(=O)CCCCCCCC=CCCCCCCCC)OC(=O)CCCCCCCC=CCCCCCCCC,-8.08
CC1CC(C(C1COC2=CC3=C(C=C2)C=CC(=O)O3)(C)CCC(=O)O)C=C(C)C,20.0
CC1(CCC2(CCC3(C(=CCC4C3(CCC5C4(CCC(C5(C)C)O)C)C)C2C1)C)C(=O)O)C,16.63
COC1C(CC2CN3CCC4=C(C3CC2C1C(=O)OC)NC5=C4C=CC(=C5)OC)OC(=O)C6=CC(=C(C(=C6)OC)OC)OC,31.0
C1=C(C=C(C(=C1O)O)O)C(=O)OC2=CC(=CC(=C2O)O)C(=O)OCC3C(C(C(C(O3)OC(=O)C4=CC(=C(C(=C4)OC(=O)C5=CC(=C(C(=C5)O)O)O)O)O)OC(=O)C6=CC(=C(C(=C6)OC(=O)C7=CC(=C(C(=C7)O)O)O)O)O)OC(=O)C8=CC(=C(C(=C8)OC(=O)C9=CC(=C(C(=C9)O)O)O)O)O)OC(=O)C1=CC(=C(C(=C1)OC(=O)C1=CC(=C(C(=C1)O)O)O)O)O,10.0
C1=CC(=CC=C1C=CC2=CC(=CC(=C2)O)O)O,17.8
COC1=C(C=CC(=C1)C=CC(=O)O)O,6.06
C1=CC=C(C=C1)C2=CC(=O)C3=C(O2)C=CC(=C3)O,0.57
C(C(C(C(C(C(=O)O)O)O)O)O)O,16.0
CN1C=NC2=C1C(=O)N(C(=O)N2C)C,-60.0
C(CCCC=CC(=O)O)CCCO,10.0
CCNC(=O)CCC(C(=O)O)N,-15.0
C1=C(C=C(C(=C1O)O)O)C(=O)OC2=CC(=CC(=C2O)O)C(=O)OCC3C(C(C(C(O3)OC(=O)C4=CC(=C(C(=C4)OC(=O)C5=CC(=C(C(=C5)O)O)O)O)O)OC(=O)C6=CC(=C(C(=C6)OC(=O)C7=CC(=C(C(=C7)O)O)O)O)O)OC(=O)C8=CC(=C(C(=C8)OC(=O)C9=CC(=C(C(=C9)O)O)O)O)O)OC(=O)C1=CC(=C(C(=C1)OC(=O)C1=CC(=C(C(=C1)O)O)O)O)O,18.0
CC[N+](CC)(CC)CC.[Cl-],6.58
CN1C=NC2=C1C(=O)N(C(=O)N2C)C,36.7
CC1=CC(=O)C2=C(C1=O)C=CC=C2O,10.0
CCN1C2=CC3=C(C=C2C(=O)C(=N1)C(=O)O)OCO3,-4.95
CC1C(C(C(C(O1)OC2C(C(C(OC2OC3=CC(=C4C(=O)CC(OC4=C3)C5=CC=C(C=C5)O)O)CO)O)O)O)O)O,12.57
C1C(=CC2=CC(=C(C=C2)O)O)C(=O)C3=C(O1)C=C(C=C3)O,7.66
CC(=C)C1CC2=C(O1)C=CC3=C2OC4COC5=CC(=C(C=C5C4C3=O)OC)OC,-0.68
COC(=O)C(CC1=CN=CN1)N,8.0
CC1=CC(=CC=C1)C2CN(CCC3=C(C(=C(C=C23)O)O)Cl)C.Br,-6.19
CC(C)(C=C)C1=C(C=C(C(=C1)C=CC(=O)C2=CC=C(C=C2)O)OC)O,-0.18
COC1=CC=C(C=C1)CC(=O)C2=C(C=C(C=C2)O)O,2.69
CC1=CCCC(=C)C2CC(C2CC1)(C)C,11.2
CC(C)CC1=CC=C(C=C1)C(C)C(=O)O,4.63
CCC(C)C(C(=O)O)N,9.5
CC1=CC(=O)C2=C(C1=O)C=CC=C2O,12.0
C1C2C(COC2C3=CC4=C(C=C3)OCO4)C(O1)C5=CC6=C(C=C5)OCO6,14.1
CC(C(=O)O)N,11.0
C1CC(NC1)C(=O)O,18.0
C1=CC=C2C(=C1)C3=C(C=C(C=C3)O)OC2=O,36.6
C1=CC=C(C=C1)CCCCOC2=C3C=CC(=O)OC3=CC4=C2C=CO4,32.85
C1=CC=C(C=C1)C2=CC(=O)C3=C(C=C(C=C3O2)O)O,1.77
C1=CC(=C(C=C1C2C(C(=O)C3=C(C=C(C=C3O2)O)O)O)O)O,51.0
CCN(CC)CCN(CC1=CC=C(C=C1)C2=CC=C(C=C2)C(F)(F)F)C(=O)CN3C4=C(CCC4)C(=O)N=C3SCC5=CC=C(C=C5)F,-20.0
CC(C)CCCC(C)C1CCC2C1(CCCC2=CC=C3CC(CCC3=C)O)C,23.0
C1C(C(C(C(O1)(CO)O)O)O)O,7.0
CN(C)CCC1=CNC2=C1C=C(C=C2)CN3C=NC=N3.C1=CC=C(C=C1)C(=O)O,-11.71
C1=CC(=C(C=C1C2=C(C(=O)C3=C(C=C(C=C3O2)O)O)O)O)O,19.0
C1COCCN1C2=CC(=O)C3=C(O2)C(=CC=C3)C4=CC=CC=C4,20.9
C(CCN=C(N)N)CN,1.0
[Li+].[Cl-],0.1
C(C(=O)O)(Br)Br,14.6
CC1=C(C2=C(CCC(O2)(C)CCCC(C)CCCC(C)CCCC(C)C)C(=C1O)C)C,4.0
CC(=CCCC1(C2CCC(C2)C1=C)C)CO,4.64
COC1=CC=CC(=C1)C(=O)NCCN2CCN(CC2)C3=CC=C(C=C3)Cl,35.0
C1=CN=C(C=C1C(=O)O)C(=O)O,-17.13
CC1CC(C(C(C=C(C(C(C=CC=C(C(=O)NC2=CC(=O)C(=C(C1)C2=O)OC)C)OC)OC(=O)N)C)C)O)OC,2.0
C1=CC=C(C=C1)NC2=C(C=C3C(=C2)C(=O)NC3=O)NC4=CC=CC=C4,15.0
CCCNCC(COC1=CC=CC=C1C(=O)CCC2=CC=CC=C2)O.Cl,-14.5
CN1CCC2=CC(=C(C=C2C(C1)C3=CC=CC=C3)O)Cl.Cl,-1.47
CC(CCC(=O)O)C1CCC2C1(CCC3C2CCC4C3(CCCC4)C)C,11.0
CCNC(=O)N1CCN(CC1)CCCC(C2=CC=C(C=C2)F)C3=CC=C(C=C3)F.Cl,38.0
CN1C=NC2=C1C(=O)N(C(=O)N2C)C,24.0
C(C1C(C(C(C(O1)O)N)O)O)O,0.97
CC1(C2CC(=O)C3(C(C24COC(=O)CC4O1)CCC5(C36C(O6)C(=O)OC5C7=COC=C7)C)C)C,-0.79
C1CN(CCN1CCC2=C(C=C3C(=C2)CC(=O)N3)Cl)C4=NSC5=CC=CC=C54.O.Cl,-7.97
CC(=CCNC1=NC=NC2=C1NC=N2)C,-2.0
CCCOC(=O)C1=CC(=C(C(=C1)O)O)O,12.0
CCC1(CC2CC(C3=C(CCN(C2)C1)C4=CC=CC=C4N3)(C5=C(C=C6C(=C5)C78CCN9C7C(C=CC9)(C(C(C8N6C=O)(C(=O)OC)O)OC(=O)C)CC)OC)C(=O)OC)O.OS(=O)(=O)O,12.0
C1=CC2=C(C=C1O)C(=O)OC3=C2C=CC(=C3)O,45.4
C1=CC=C(C(=C1)C(=O)O)O,13.9
C(C1C(C(C(C(O1)O)O)O)O)O,-23.6
C1C(C(OC2=CC(=CC(=C21)O)O)C3=CC(=C(C=C3)O)O)O,8.87
C1=CC(=CC=C1NC(=NC(=NCCCCCCN=C(N)N=C(N)NC2=CC=C(C=C2)Cl)N)N)Cl,-25.33
CC(C)CCCC(C)C1CCC2C1(CCCC2=CC=C3CC(CCC3=C)O)C,28.77
C(C(CO)O)O,33.55
C1CC2C(C1)C3CC2CC3OC(=S)[S-].[K+],25.0
CN(C)N=O,5.5
CC1=C(C=C2CCC(OC2=C1C)(C)CCCC(C)CCCC(C)CCCC(C)C)O,17.0
COC1=CC(=CC2=C1OC(C2CO)C3=CC(=C(C=C3)O)OC)CC4COC(=O)C4CC5=CC6=C(C(=C5)OC)OC(C6CO)C7=CC(=C(C=C7)O)OC,12.5
C1=CC2=C(C=C1O)C(=O)OC3=C2C=CC(=C3)O,24.0
C1CN(CCN1CCCN2C3=CC=CC=C3NC2=O)C(C4=CC=CC=C4)C5=CC=CC=C5,25.0
CN1CCN2C(C1)C3=CC=CC=C3CC4=CC=CC=C42,32.0
CN(C)C1C2CC3CC4=C(C=CC(=C4C(=C3C(=O)C2(C(=C(C1=O)C(=O)N)O)O)O)O)N(C)C.Cl,29.0
C1(C(C(C(C(C1O)O)O)O)O)O,11.0
C1=CC=C(C=C1)COC2=NC(=NC3=C2NC=N3)N,-1.35
CCC1(CC(=O)NC1=O)C,17.0
CC(=CCCC1(C2CC3C1(C3C2)C)C)CO,4.33
CCCOC(=O)C1=CC(=C(C(=C1)O)O)O,11.76
C[NH2+]CCCCCCN(C)[N+](=N[O-])[O-],14.1
C1CN(CCC12C(=O)NCN2C3=CC=CC=C3)CCCC(C4=CC=C(C=C4)F)C5=CC=C(C=C5)F,4.3
C1=CC(=CC=C1C=CC2=CC(=CC(=C2)O)O)O,16.66
CCCCCCC[N+](CC)(CC)CCCCC1=CC=C(C=C1)Cl.CC1=CC=C(C=C1)S(=O)(=O)[O-],0.14
C(C(C(=O)O)N)C(=O)N,-25.0
CCCCCCCCCCCCCCCC[N+]1=CC=CC=C1.[Cl-],7.0
CC(=O)C(=O)[O-],-25.35
C(C(C(=O)O)N)[Se],41.9
C1=CC=C(C(=C1)C=NCCN=CC2=CC=CC=C2[O-])[O-].[Cl-].[Mn+3],33.0
CC(CCC(=O)O)C1CCC2C1(CCC3C2CCC4C3(CCCC4)C)C,10.0
CC(=O)C(=O)[O-],25.17
CC1=CC(=O)C2=C(C1=O)C=CC=C2O,15.0
CC(=CCCC(=CCCC(=CCCC1(CCC2=C(O1)C=CC(=C2)O)C)C)C)C,19.8
C1COCCN1C2=CC(=O)C3=C(O2)C(=CC=C3)C4=CC=CC=C4,9.09
CN1CC(CC2C1CC3=CN(C4=CC=CC2=C34)C)CNC(=O)OCC5=CC=CC=C5,23.0
C1C(C(C(C(C1NC(=O)C(CCN)O)OC2C(C(C(C(O2)CO)O)N)O)O)OC3C(C(C(C(O3)CN)O)O)O)N.O,-1.28
CN1C=NC2=C1C(=O)N(C(=O)N2C)C,16.9
CCC(C)(C)C(=O)OC1CC(C=C2C1C(C(C=C2)C)CCC3CC(CC(=O)O3)O)C,12.9
CC(=C)C1CC2=C(O1)C=CC3=C2OC4COC5=CC(=C(C=C5C4C3=O)OC)OC,10.0
CCOC1=CC2=C(C=C1)N=C(S2)S(=O)(=O)N,-3.09
CC12CCC3C(C1CCC2(C#C)O)CCC4=CC5=C(CC34C)C=NO5,13.0
C1C(C(OC2=CC(=CC(=C21)O)O)C3=CC(=C(C(=C3)O)O)O)OC(=O)C4=CC(=C(C(=C4)O)O)O,12.85
CC(=O)NC(CS)C(=O)O,5.2
[Na+].[Cl-],40.53
CC1=CC(=O)C2=C(C1=O)C=CC=C2O,7.0
C(C(C(=O)O)N)C(=O)O,7.0
CC1C2C(C3C(C(=O)C(=C(C3(C(=O)C2=C(C4=C1C=CC=C4O)O)O)O)C(=O)N)N(C)C)O,17.6
C1=CC(=CC=C1C2=CC(=O)C3=C(O2)C=C(C(=C3O)O)O)O,-5.42
C1C(C(OC1N2C=C(C(=O)NC2=O)F)CO)O,6.66
C(C(=O)O)N,10.0
C1=CC(=CC=C1N)S(=O)(=O)C2=CC=C(C=C2)N,23.05
COC1=C(C=C(C=C1)CC2COC(=O)C2CC3=CC(=C(C=C3)OC4C(C(C(C(O4)CO)O)O)O)OC)OC,15.3
CC1CCC2(C(C3C(O2)CC4C3(CCC5C4CCC6C5(CCC(C6)O)C)C)C)NC1,7.0
CC1C(C(CC(O1)OC2C(OC(CC2OC)OC3C(OC(CC3OC)OC4CCC5(C6CC(C7(C(CCC7(C6(CC=C5C4)O)O)(C(=O)C)O)C)OC(=O)C=C(C)C(C)C)C)C)C)OC)O,30.0
C1C(C(OC2=CC(=CC(=C21)O)O)C3=CC(=C(C=C3)O)O)O,41.94
C1=CC=C(C=C1)C2=CN3C(=N2)SC(=N3)S(=O)(=O)N,3.39
CN1C=NC2=C1C(=O)N(C(=O)N2C)C,-92.0
CC(C)(C(=O)O)OC1=CC=C(C=C1)CCNC(=O)C2=CC=C(C=C2)Cl,13.0
C1=CC2=C(C(=O)C=CC2=O)C(=C1)O,29.0
C(C1C(C(C(C(O1)O)O)O)O)O,31.25
C1=CC(=C(C=C1C2=C(C(=O)C3=C(C=C(C=C3O2)O)O)O)O)O,9.0
C12=C(NC(=O)N1)NC(=O)NC2=O,-9.94
CC1=C(C(C(=C(N1)C)C(=O)OCC(C)C)C2=CC=CC=C2[N+](=O)[O-])C(=O)OC,-10.2
CC(C(=O)[O-])O,2.0
CC1=[N+](C2=CC=CC=C2C(=C1)N)CCCCCCCCCC[N+]3=C(C=C(C4=CC=CC=C43)N)C.[Cl-].[Cl-],-3.8
COC(=O)NC1=NC2=C(N1)C=C(C=C2)C(=O)C3=CC=CS3,-10.66
C1CN(CCN1CC=CC2=CC=CC=C2)C(C3=CC=CC=C3)C4=CC=CC=C4,15.0
C1=CC(=CN=C1)C(=O)N,6.5
CCCCCCC(=O)CCCCCCC=CCC(C(C(CO)(C(=O)O)N)O)O,31.25
CC(=C(C#N)C(=O)NC1=C(C=CC(=C1)Br)Br)O,27.0
C1=CC(=CC=C1CNC2=NC=NC3=C2NC=N3)O,5.0
CC1C2C(C3C(C(=O)C(=C(C3(C(=O)C2=C(C4=C1C=CC=C4O)O)O)O)C(=O)N)N(C)C)O.Cl,18.0
C1CCN(C(C1)CC2=CC=CC=C2)C(=O)N3C=C(N=N3)C4=CC=C(C=C4)C5=CC(=CC=C5)C(=O)O,5.0
C1C(C(C(C(O1)(CO)O)O)O)O,4.0
CN(C)C(=N)N=C(N)N,1.65
CC(=O)OC1CC2C(C(=O)C=CC2(C3C1(C45C(O4)C(=O)OC(C5(CC3)C)C6=COC=C6)C)C)(C)C,0.92
C(C(C(=O)O)N)S,9.0
CN1CCC=C(C1)C(=O)OC,12.85
C1=COC(=C1)CNC2=NC=NC3=C2NC=N3,21.0
CC1=CC(=O)C2=C(C1=O)C=CC=C2O,-86.0
CC(C)C(C(=O)O)N,-1.0
C[N+]1=CC=C(C=C1)C2=CC=[N+](C=C2)C,13.53
CC1(C=CC2=C(O1)C=CC3=C2OC4COC5=CC(=C(C=C5C4C3=O)OC)OC)C,-5.84
C1C(C(OC2=CC(=CC(=C21)O)O)C3=CC(=C(C(=C3)O)O)O)OC(=O)C4=CC(=C(C(=C4)O)O)O,16.6
CC1=C2COC(=O)C2=C(C(=C1OC)CC=C(C)CCC(=O)O)O,0.82
C1=CC(=CC=C1C2=CC(=O)C3=C(O2)C=C(C(=C3O)O)O)O,-6.79
CCCCCN(CCCCC)C(=O)C(CCC(=O)[O-])NC(=O)C1=CC(=C(C=C1)Cl)Cl.[Na+],-3.92
C1=CC(=CC=C1CCC(=O)C2=C(C=C(C=C2O)OC3C(C(C(C(O3)CO)O)O)O)O)O,11.7
CC1(C(=O)N(C(=O)O1)C)C,-7.0
CCC1=C(C2=NC1=CC3=C(C4=C(C(C(=C4[N-]3)C5=NC(=CC6=NC(=C2)C(=C6C)C=C)C(C5CCC(=O)OCC=C(C)CCCC(C)CCCC(C)CCCC(C)C)C)C(=O)OC)[O-])C)C.[Mg+2],11.18
C1=C2C3=C(C(=C1O)O)OC(=O)C4=CC(=C(C(=C43)OC2=O)O)O,0.57
CCCCCCC=CCCCCCCCC(=O)O,17.09
C1=CC(=CC=C1C=CC2=CC(=CC(=C2)O)O)O,11.0
C1=CC=C2C(=C1)C(=CN2)CC(C(=O)O)N,14.0
C1=COC(C2C1C(C3C2(O3)CO)OC(=O)C=CC4=CC(=C(C=C4)O)O)OC5C(C(C(C(O5)CO)O)O)O,9.8
CN(C)C1C2CC3CC4=C(C=CC(=C4C(=C3C(=O)C2(C(=C(C1=O)C(=O)N)O)O)O)O)N(C)C,51.0
C1C(C(C(C(O1)(CO)O)O)O)O,-31.79
C(CC(=O)O)C(C(=O)O)N,18.0
C(C1C(C(C(C(O1)O)O)O)O)O,-31.0
COC1=C(C=C(C=C1)C2=C(C(=O)C3=C(C=C(C=C3O2)O)O)O)O,28.0
C1=C(C=C(C(=C1O)O)O)C(=O)OC2=CC(=CC(=C2O)O)C(=O)OCC3C(C(C(C(O3)OC(=O)C4=CC(=C(C(=C4)OC(=O)C5=CC(=C(C(=C5)O)O)O)O)O)OC(=O)C6=CC(=C(C(=C6)OC(=O)C7=CC(=C(C(=C7)O)O)O)O)O)OC(=O)C8=CC(=C(C(=C8)OC(=O)C9=CC(=C(C(=C9)O)O)O)O)O)OC(=O)C1=CC(=C(C(=C1)OC(=O)C1=CC(=C(C(=C1)O)O)O)O)O,-0.95
C1C(C(C(C(O1)O)O)O)O,6.0
C(CC(C(=O)O)N)CN,-10.0
C1=C2C3=C(C(=C1O)O)OC(=O)C4=CC(=C(C(=C43)OC2=O)O)O,-5.14
C1=CC=C(C=C1)C2=CC(=O)C3=C(O2)C(=C(C=C3)O)O,4.97
C1=CC(=CC=C1C(=O)NC(CCC(=O)O)C(=O)O)NCC2=CN=C3C(=N2)C(=O)NC(=N3)N,26.6
C1=C(C=C(C(=C1O)O)O)C(=O)OC2=CC(=CC(=C2O)O)C(=O)OCC3C(C(C(C(O3)OC(=O)C4=CC(=C(C(=C4)OC(=O)C5=CC(=C(C(=C5)O)O)O)O)O)OC(=O)C6=CC(=C(C(=C6)OC(=O)C7=CC(=C(C(=C7)O)O)O)O)O)OC(=O)C8=CC(=C(C(=C8)OC(=O)C9=CC(=C(C(=C9)O)O)O)O)O)OC(=O)C1=CC(=C(C(=C1)OC(=O)C1=CC(=C(C(=C1)O)O)O)O)O,19.0
CC(=O)OC1C(CNC1CC2=CC=C(C=C2)OC)O,21.96
C(C(C(C(C(CO)O)O)O)O)O,39.35
CC1C=CC=C(C(=O)NC2=C(C(=C3C(=C2O)C(=C(C4=C3C(=O)C(O4)(OC=CC(C(C(C(C(C(C1O)C)O)C)OC(=O)C)C)OC)C)C)O)O)C=NN5CCN(CC5)C)C,37.9
C(CC(C(=O)O)N)CN,8.0
C1=C2C3=C(C(=C1O)O)OC(=O)C4=CC(=C(C(=C43)OC2=O)O)O,8.99
C1=C(C2=C(C(=O)C(=O)C3=C2NC(=C3)C(=O)O)N=C1C(=O)O)C(=O)O,31.25
C1=CC(=C2C(=O)C=CC(=O)C2=C1O)O,10.0
CC(CCC(=O)O)C1CCC2C1(CCC3C2CCC4C3(CCCC4)C)C,14.0
CCC=CCC=CCC=CCC=CCC=CCCCC(=O)O,-20.37
C1C(C(C(C(O1)(CO)O)O)O)O,21.96
CC(C)[N+](C)(CCOC(=O)C1C2=CC=CC=C2OC3=CC=CC=C13)C(C)C.[Br-],-9.53
COC1=CC=C(C=C1)CCN2CCC(CC2)NC3=NC4=CC=CC=C4N3CC5=CC=C(C=C5)F,-6.0
C1=C(C2=C(C(=O)C(=O)C3=C2NC(=C3)C(=O)O)N=C1C(=O)O)C(=O)O,25.0
C(CCN)CN,10.0
C1CC(NC1)C(=O)O,17.0
CN1C=NC2=C1C(=O)N(C(=O)N2C)C,19.6
C1(C(C(C(C(C1OP(=O)(O)O)OP(=O)(O)O)OP(=O)(O)O)OP(=O)(O)O)OP(=O)(O)O)OP(=O)(O)O,3.0
C1=CC(=CC=C1C=C2C(=O)C3=C(O2)C=C(C=C3)O)O,31.32
CC1=C(C(CC(C1=O)O)(C)C)C=CC(=CC=CC(=CC=CC=C(C)C=CC=C(C)C=CC2=C(C(=O)C(CC2(C)C)O)C)C)C,28.6
C(CC(=O)O)C(C(=O)O)N,14.0
CC(C)C1=CC2=C(C=C1)C3(CCCC(C3CC2)(C)C(=O)O)C,11.8
CC[N+](CC)(CC)CC.[Cl-],0.68
C1=CC(=CC=C1N)S(=O)(=O)C2=CC=C(C=C2)N,38.22
CCCCCC1=CC(=C(C(=C1)O)C2C=C(CCC2C(=C)C)C)O,0.69
C1=C(C2=C(C(=O)C(=O)C3=C2NC(=C3)C(=O)O)N=C1C(=O)O)C(=O)O,33.33
C(C(C1C(=C(C(=O)O1)O)O)O)O,-0.76
CC1=C(C(=O)N(N1C)C2=CC=CC=C2)N(C)CS(=O)(=O)O,18.3
COC1=CC=CC(=C1O)O,1.3
C(C(C(C(C(CO)O)O)O)O)O,5.0
COC1=C(C2=C[N+]3=C(C=C2C=C1)C4=CC(=C(C=C4CC3)OC)OC)OC,-1.15
C(=CC(=O)[O-])C(=O)[O-],16.0
CC1C=CC=C(C(=O)NC2=C(C(=C3C(=C2O)C(=C(C4=C3C(=O)C(O4)(OC=CC(C(C(C(C(C(C1O)C)O)C)OC(=O)C)C)OC)C)C)O)O)C=NN5CCN(CC5)C)C,50.8
C(CCN)CC(C(=O)O)N,6.0
CN1C=NC2=C1C(=O)N(C(=O)N2C)C,8.7
CC(C(=O)O)NC(=O)C(CC1=CC=C(C=C1)O)N,12.43
CCCCCCCCCCC1C(OC1=O)CCCCS(=O)(=O)CCCN(C)C,1.0
C12=C(NC(=O)N1)NC(=O)NC2=O,13.9
COC1=C(C=C2C(=C1)C(=NC=N2)NC3=CC(=CC=C3)Cl)OC,11.0
C(C(=O)O)N,19.54
CC1NC2=CC(=C(C=C2C(=O)N1C3=CC=CC=C3C)S(=O)(=O)N)Cl,20.81
C1=C(C=C(C(=C1O)O)O)C(=O)O,5.34
C1=CC(=C2C(=O)C=CC(=O)C2=C1O)O,8.0
CC(=O)NC(CS)C(=O)O,12.53
C(C=O)C(C(C(CO)O)O)O,12.93
CC(CCC(=O)O)C1CCC2C1(CCC3C2CCC4C3(CCCC4)C)C,-5.0
C1=CC=C(C=C1)P2(=S)NC3=CC=CC=C3O2,0.55
[Li+].[Cl-],11.0
CN1C=NC2=C1C(=O)N(C(=O)N2C)C,35.0
CC(C(C(=O)O)N)O,0.0
CC(=O)NC(CC1=CN=CN1)C(=O)O,3.0
CN(C)CCCN1C2=CC=CC=C2SC3=CC=CC=C31.Cl,-1.03
CC1(C(N2C(S1)C(C2=O)NC(=O)C(C3=CC=CC=C3)N)C(=O)O)C,34.0
C1=CC(=C(C=C1C2=C(C(=O)C3=C(C=C(C=C3O2)O)O)O)O)O,5.79
C1=CC=C(C=C1)C2=CC(=O)C3=CC(=C(C=C3O2)O)O,-1.29
CC(C(=O)O)N,14.0
CC1C(C(C(C(O1)OC2C(C(OC(C2OC(=O)C=CC3=CC(=C(C=C3)O)O)COC4C(C(C(C(O4)CO)O)O)O)OCCC5=CC(=C(C=C5)O)O)O)O)O)O,7.6
CC12CC3CC(C1)(CC(C3)(C2)N)C.Cl,0.28
CN(C)C1C2CC3C(C4=C(C=CC(=C4C(=C3C(=O)C2(C(=C(C1=O)C(=O)N)O)O)O)O)Cl)O.Cl,16.0
C1CSSC1CCCCC(=O)O,24.2
CC1=CNC(=O)NC1=O,18.3
C(C(C(C(CO)O)O)O)O,2.07
CC1=C(C(=O)OC(C1)C(C)(C2CCC3C2(CCC4C3C5C(O5)C6(C4(C(=O)C=CC6)C)O)C)O)C,15.79
CN1C(=C(C2=CC=CC=C2S1(=O)=O)O)C(=O)NC3=CC=CC=N3,-2.76
C1=CC=NC(=C1)C(=O)O,7.0
C(C(C(=O)O)N)C(=O)N,5.0
CC12CCC3C(=CC(=O)C(O3)C(C)(C)O)C1(CCC4C2(C5=C(C4)C6=CC=CC=C6N5)C)O,26.62
CC(=O)NC(CC1=CN=CN1)C(=O)O,12.0
C1=CC(=CC=C1C=CC2=CC(=CC(=C2)O)O)O,50.8
CN(CCC1=CC=C(C=C1)NS(=O)(=O)C)CCOC2=CC=C(C=C2)NS(=O)(=O)C,-0.72
C1=CC(=CC=C1C2=COC3=CC(=CC(=C3C2=O)O)O)O,27.9
C1C(C(C(C(O1)O)O)O)O,9.0
C(CC(=O)O)C(C(=O)O)N,11.0
CN1C=NC2=C1C(=O)N(C(=O)N2)C,14.75
COC1=C(C=C(C=C1)CC2COC(=O)C2CC3=CC(=C(C=C3)OC4C(C(C(C(O4)CO)O)O)O)OC)OC,8.9
C(C(C1C(=C(C(=O)O1)O)O)O)O,0.0
C1=CC(=C(C(=C1)Cl)CC(=O)N=C(N)N)Cl.Cl,15.0
CC(CC1=CC(=C(C=C1)O)O)C(C)CC2=CC(=C(C=C2)O)O,-16.08
CC(C)CC1=CC=C(C=C1)C(C)C(=O)O,9.67
C1CN(CCN1CCCN2C3=CC=CC=C3SC4=C2C=C(C=C4)Cl)CCO,-1.52
C(C(C(=O)O)N)O,18.0
C1C(C(OC2=CC(=CC(=C21)O)O)C3=CC(=C(C(=C3)O)O)O)OC(=O)C4=CC(=C(C(=C4)O)O)O,20.0
C1=CC(=C(C=C1C2=C(C(=O)C3=C(C=C(C=C3O2)O)O)O)O)O,2.0
CCOC(=O)C(C)(C)OC1=CC=C(C=C1)Cl,16.0
CC1C=CC=C(C(=O)NC2=C(C(=C3C(=C2O)C(=C(C4=C3C(=O)C(O4)(OC=CC(C(C(C(C(C(C1O)C)O)C)OC(=O)C)C)OC)C)C)O)O)C=NN5CCN(CC5)C)C,49.2
C1=CC=C(C(=C1)C=NCCN=CC2=CC=CC=C2[O-])[O-].[Cl-].[Mn+3],29.0
CC1CCCC(=O)CCCC=CC2=C(C(=CC(=C2)O)O)C(=O)O1,-4.76
CN1CCC=C(C1)C(=O)OC,5.7
CCCCCCCCC=CCCCCCCCC(=O)O,17.29
C1C2C(COC2C3=CC4=C(C=C3)OCO4)C(O1)C5=CC6=C(C=C5)OCO6,10.5
CC(CCC(=O)O)C1CCC2C1(CCC3C2CCC4C3(CCCC4)C)C,17.0
C1(C(C(C(C(C1O)O)O)O)O)O,17.0
C(CC(=O)O)C(=O)C(=O)O,29.4
C1=CN(C(=O)N=C1N)C2C(C(C(O2)CO)O)O,9.83
COC1=C(C=CC(=C1)C2C(OC3=C(O2)C=C(C=C3)C4=C(C(=O)C5=C(C=C(C=C5O4)O)O)O)CO)O,7.18
CC1=C(C2=C(CCC(O2)(C)C(=O)O)C(=C1O)C)C,31.0
CC1=C(C(=O)OC(C1)C(C)(C2CCC3C2(CCC4C3C5C(O5)C6(C4(C(=O)C=CC6)C)O)C)O)C,29.65
C1=C(C=C(C(=C1O)O)O)C(=O)OC2=CC(=CC(=C2O)O)C(=O)OCC3C(C(C(C(O3)OC(=O)C4=CC(=C(C(=C4)OC(=O)C5=CC(=C(C(=C5)O)O)O)O)O)OC(=O)C6=CC(=C(C(=C6)OC(=O)C7=CC(=C(C(=C7)O)O)O)O)O)OC(=O)C8=CC(=C(C(=C8)OC(=O)C9=CC(=C(C(=C9)O)O)O)O)O)OC(=O)C1=CC(=C(C(=C1)OC(=O)C1=CC(=C(C(=C1)O)O)O)O)O,1.0
COC1=CC2=C(C=CN=C2C=C1)C(C3CC4CCN3CC4C=C)O.COC1=CC2=C(C=CN=C2C=C1)C(C3CC4CCN3CC4C=C)O.OS(=O)(=O)O,12.0
CC1(CCC2(CCC3(C(=CCC4C3(CCC5C4(CCC(C5(C)C)O)C)C)C2C1)C)C(=O)O)C,11.18
CC1=C(C2=C(CCC(O2)(C)CCCC(C)CCCC(C)CCCC(C)C)C(=C1O)C)C,16.6
CN1C=NC2=C1C(=O)N(C(=O)N2C)C,-96.0
CC(C)C(C(=O)O)N,13.0
C(C1C(C(C(C(O1)O)O)O)O)O,-7.75
C1=C(C=C(C(=C1O)O)O)C(=O)OC2=CC(=CC(=C2O)O)C(=O)OCC3C(C(C(C(O3)OC(=O)C4=CC(=C(C(=C4)OC(=O)C5=CC(=C(C(=C5)O)O)O)O)O)OC(=O)C6=CC(=C(C(=C6)OC(=O)C7=CC(=C(C(=C7)O)O)O)O)O)OC(=O)C8=CC(=C(C(=C8)OC(=O)C9=CC(=C(C(=C9)O)O)O)O)O)OC(=O)C1=CC(=C(C(=C1)OC(=O)C1=CC(=C(C(=C1)O)O)O)O)O,8.35
CC1=CNC(=O)NC1=O,15.23
CCN1C2=CC3=C(C=C2C(=O)C(=N1)C(=O)O)OCO3,-11.99
C1=CC(=CC=C1C=CC2=CC(=CC(=C2)O)O)O,11.3
CN(C)C(=N)N=C(N)N,57.3
CCOC(=O)C1=C(NC(=C(C1C2=CC(=CC=C2)[N+](=O)[O-])C(=O)OC)C)C,25.0
C1=CC=C(C(=C1)C=NCCN=CC2=CC=CC=C2[O-])[O-].[Cl-].[Mn+3],-81.0
CC1CC(C(C(C=C(C(C(C=CC=C(C(=O)NC2=CC(=O)C(=C(C1)C2=O)OC)C)OC)OC(=O)N)C)C)O)OC,0.84
C1C(C(OC2=CC(=CC(=C21)O)O)C3=CC(=C(C=C3)O)O)O,8.39
C1=CC=C(C(=C1)C=NCCN=CC2=CC=CC=C2[O-])[O-].[Cl-].[Mn+3],-5.7
C1CN(CCC1C(=O)C2=CC=C(C=C2)F)CCN3C(=O)C4=CC=CC=C4NC3=O.C(C(C(=O)O)O)(C(=O)O)O,13.0
[Na+].[Cl-],40.53
C1C(C(OC1N2C=C(C(=O)NC2=O)F)CO)O,38.86
C1CN(CCN1C(C2=CC=C(C=C2)Cl)C3=CC=C(C=C3)Cl)C(=O)OC(C(F)(F)F)C(F)(F)F,-9.0
CC(=C)CCO,7.81
C1=CC(=CC=C1C=C2C(=O)C3=C(O2)C=C(C=C3)O)O,25.29
C1=CC=C2C(=C1)C(=NN2CC3=C(C=C(C=C3)Cl)Cl)C(=O)O,8.0
CN1C(=C(C2=CC=CC=C2S1(=O)=O)O)C(=O)NC3=CC=CC=N3,2.19
CC(=CC=CC=C(C)C=CC=C(C)C(=O)CC12C(CC(CC1(O2)C)O)(C)C)C=CC=C(C)C=C=C3C(CC(CC3(C)O)OC(=O)C)(C)C,14.0
CC(=O)C(=O)[O-].[Na+],13.9
CC(C)OC(=O)C(C)(C)OC1=CC=C(C=C1)C(=O)C2=CC=C(C=C2)Cl,19.0
CN(C)C1C2CC3CC4=C(C=CC(=C4C(=C3C(=O)C2(C(=C(C1=O)C(=O)N)O)O)O)O)N(C)C,43.0
CCCCN1CCCC1CNC(=O)C2=C(C3=CC=CC=C3C(=C2)C#N)OC,-6.23
C1(C(C(C(C(C1OP(=O)(O)O)OP(=O)(O)O)OP(=O)(O)O)OP(=O)(O)O)OP(=O)(O)O)OP(=O)(O)O,11.0
C1=CC=C(C=C1)C2=CC(=O)C3=C(C=C(C=C3O2)O)O,3.0
CN1CCC=C(C1)C(=O)OC,-63.5
CC1=CC(=O)C2=C(C1=O)C=CC=C2O,-11.0
CC(C)CC1=CC=C(C=C1)C(C)C(=O)O,6.96
CCOC1=CC2=C(C=C1)N=C(S2)S(=O)(=O)N,-2.16
CN(C)C1C2CC3CC4=C(C=CC(=C4C(=C3C(=O)C2(C(=C(C1=O)C(=O)N)O)O)O)O)N(C)C,10.0
C1=CC=C(C=C1)P2(=S)NC3=CC=CC=C3O2,41.01
COCCCCC(=NOCCN)C1=CC=C(C=C1)C(F)(F)F,-5.47
CC(=CCCC1(C2CCC(C2)C1=C)C)CO,25.38
CN(C)C1C2CC3CC4=C(C=CC(=C4C(=C3C(=O)C2(C(=C(C1=O)C(=O)N)O)O)O)O)N(C)C,33.0
C1=C(C2=C(C(=O)C(=O)C3=C2NC(=C3)C(=O)O)N=C1C(=O)O)C(=O)O,10.16
C1=CC(=C(C=C1C(=O)O)O)O,38.9
CSCCC(C(=O)O)N,14.0
CC1=C(C2=C(CCC(O2)(C)CCCC(C)CCCC(C)CCCC(C)C)C(=C1O)C)C,9.0
C1=CC=C(C=C1)C2=CC(=O)C3=C(O2)C=C(C(=C3O)O)O,16.54
C1C2C(COC2C3=CC4=C(C=C3)OCO4)C(O1)C5=CC6=C(C=C5)OCO6,10.9
C1CSSC1CCCCC(=O)O,21.0
C1CCC(CC1)N(CCC2=CC=CC=C2)C(=O)N3C=C(N=N3)C4=CC=C(C=C4)OC(F)(F)F,2.0
CC1C(C(C(C(O1)OC2=C(OC3=C(C2=O)C(=CC(=C3CC=C(C)C)OC4C(C(C(C(O4)CO)O)O)O)O)C5=CC=C(C=C5)OC)O)O)O,20.7
C1=CC=C2C(=C1)C(=CN2)CC(C(=O)O)N,9.0
C1=CC=C(C(=C1)C=NCCN=CC2=CC=CC=C2[O-])[O-].[Cl-].[Mn+3],38.0
CC(=CCO)C,22.96
CC(=O)NC(CS)C(=O)O,-10.7
CCCCCCC[N+](CC)(CC)CCCCC1=CC=C(C=C1)Cl.CC1=CC=C(C=C1)S(=O)(=O)[O-],-7.66
CC1=C(C(=O)C(=C(C1=O)OC)OC)CC=C(C)CCC=C(C)CCC=C(C)CCC=C(C)CCC=C(C)CCC=C(C)CCC=C(C)CCC=C(C)CCC=C(C)CCC=C(C)C,9.0
CC1=C(C(CC(C1=O)O)(C)C)C=CC(=CC=CC(=CC=CC=C(C)C=CC=C(C)C=CC2=C(C(=O)C(CC2(C)C)O)C)C)C,13.36
CC(CC1=CC(=C(C=C1)O)O)C(C)CC2=CC(=C(C=C2)O)O,-21.33
C(CC(=O)O)C(C(=O)O)O,42.9
C1=CC=C(C=C1)C2=CC(=O)C3=CC(=C(C=C3O2)O)O,0.41
CC1=C(C=C2CCC(OC2=C1C)(C)CCCC(C)CCCC(C)CCCC(C)C)O,10.1
C1=CC=C(C(=C1)C=NCCN=CC2=CC=CC=C2[O-])[O-].[Cl-].[Mn+3],-83.9
CC(CCCC(C)C(=O)O)C1CCC2C1(CCC3C2CCC4C3(CCC(=O)C4)C)C,23.44
COC1=C(C=C(C=C1)C2=COC3=C(C2=O)C=CC(=C3)O)O,24.86
CC1=CC(=O)C2=C(C1=O)C=CC=C2O,-91.0
C(C1C(C(C(C(O1)O)O)O)O)O,-20.0
C1=C(C=C(C(=C1O)O)O)C(=O)OC2=CC(=CC(=C2O)O)C(=O)OCC3C(C(C(C(O3)OC(=O)C4=CC(=C(C(=C4)OC(=O)C5=CC(=C(C(=C5)O)O)O)O)O)OC(=O)C6=CC(=C(C(=C6)OC(=O)C7=CC(=C(C(=C7)O)O)O)O)O)OC(=O)C8=CC(=C(C(=C8)OC(=O)C9=CC(=C(C(=C9)O)O)O)O)O)OC(=O)C1=CC(=C(C(=C1)OC(=O)C1=CC(=C(C(=C1)O)O)O)O)O,18.0
CC(C(C(=O)O)N)O,8.0
C(C1C(C(C(C(O1)OC2C(OC(C(C2O)O)O)CO)O)O)O)O,8.0
CN1C=NC2=C1C(=O)N(C(=O)N2C)C,-89.5
C1CC(NC1)C(=O)O,8.0
C1=CC(=C(C=C1C2=C(C(=O)C3=C(C=C(C=C3O2)O)O)O)O)O,11.0
C(C(C(=O)O)N)C(=O)O,18.0
CC(C(=O)O)N,4.0
CN1CCC=C(C1)C(=O)OC,10.4
C(C1C(C(C(C(O1)O)O)O)O)O,-16.0
CN(C)C1C2CC3CC4=C(C=CC(=C4C(=C3C(=O)C2(C(=C(C1=O)C(=O)N)O)O)O)O)N(C)C,14.0
CC(=O)OC1=CC=CC=C1C(=O)O,23.0
COC1=C(C=CC(=C1)C2=C(C(=O)C3=C(C=C(C=C3O2)O)O)O)O,15.92
CC(CS)C(=O)N1CCCC1C(=O)O,34.0
C1=CC(=C2C(=O)C=CC(=O)C2=C1O)O,22.0
CC(=O)OC1C(CNC1CC2=CC=C(C=C2)OC)O,-4.7
C1CC1C(=O)N2CCN(CC2)C(=O)C3=C(C=CC(=C3)CC4=NNC(=O)C5=CC=CC=C54)F,28.94
COCCCCC(=NOCCN)C1=CC=C(C=C1)C(F)(F)F,-9.64
CCCCN(CC)C1=NC(=NC2=C1C(=C(N2C3=C(C=C(C=C3C)C)C)C)C)C,3.79
S,74.0
C(CC(=O)O)C(=O)C(=O)O,56.25
CN(C)C1=CC=CC2=C1C=CC=C2S(=O)(=O)NCCCCN3CCN(CC3)C4=CC=CC=C4OC.C(=CC(=O)O)C(=O)O,11.0
COC1=C(C2=C[N+]3=C(C=C2C=C1)C4=CC5=C(C=C4CC3)OCO5)OC,17.36
CC12CCN(C1N(C3=C2C=C(C=C3)OC(=O)NC)C)C,-2.57
CCCCCCCC(=O)[O-],-18.0
CC1=CC(=O)C2=C(C1=O)C=CC=C2O,-16.0
CC(C(=O)O)N,16.0
CC(C)C=CC=CC(C)C1=NC(=CS1)C2=NC(=CS2)C=CC(C(C)C(=CC(=O)N)OC)OC,32.3
CSC,8.43
CC(=CCO)C,2.87
C1C(C(OC2=CC(=CC(=C21)O)O)C3=CC(=C(C(=C3)O)O)O)OC(=O)C4=CC(=C(C(=C4)O)O)O,12.2
CCCCCC1=CC(=C(C(=C1)O)C2C=C(CCC2C(=C)C)C)O,6.4
CC1NC2=CC(=C(C=C2C(=O)N1C3=CC=CC=C3C)S(=O)(=O)N)Cl,36.46
C1=CC=C(C=C1)C2=CC(=O)C3=C(O2)C(=C(C=C3)O)O,-1.3
COC1=C(C=C(C=C1)C2=COC3=C(C2=O)C=CC(=C3)O)O,17.8
COC1=CC=CC(=C1[O-])C=NCCN=CC2=C(C(=CC=C2)OC)[O-].[Cl-].[Mn+3],42.0
C1=CC(=C(C=C1C2=C(C(=O)C3=C(C=C(C=C3O2)O)O)O)O)O,10.0
CC(=CCCC1(C2CCC(C2)C1=C)C)CO,2.66
CN(C)C(=N)N=C(N)N,-4.7
C1=CC(=CC=C1CCC(=O)C2=C(C=C(C=C2O)OC3C(C(C(C(O3)CO)O)O)O)O)O,7.7
C(C(=O)[O-])(Cl)Cl,7.9
C1=CC(=CC=C1C=CC2=CC(=CC(=C2)O)O)O,-0.4
C1=CC(=C(C(=C1)Cl)Cl)C2=C(N=C(N=N2)N)N,4.46
CN1C=NC2=C1C(=O)N(C(=O)N2C)C,-82.8
C1=CC(=C(C=C1C2=C(C(=O)C3=C(C=C(C=C3O2)O)O)O)O)O,8.0
CC(C)C(C(=O)O)N,7.05
CS(=O)CCCCN=C=S,15.46
CC(C(C1=CC=C(C=C1)O)O)NCCC2=CC=C(C=C2)O.Cl,-3.83
[Na+].[Cl-],19.59
C1=C(C=C(C(=C1O)O)O)C2=C(C(=O)C3=C(C=C(C=C3O2)O)O)O,17.99
C1=COC(C2C1C(C3C2(O3)CO)OC(=O)C=CC4=CC(=C(C=C4)O)O)OC5C(C(C(C(O5)CO)O)O)O,8.5
CCCN1CC(CC2C1CC3=CNC4=CC=CC2=C34)CSC.CS(=O)(=O)O,37.0
C1C2=CC=CC=C2N(C3=CC=CC=C3C1=O)C(=O)N,-2.29
CC(C(=O)O)N,16.0
COC(=O)N1C(=O)C(N1C(=O)OC)(C2CCCC2)C3=CC=CC=C3,-13.0
CCCC(CCC)C(=O)O,13.24
CN(C)C(=N)N=C(N)N,40.0
CCN1CCCC1CNC(=O)C2=C(C=CC(=C2)S(=O)(=O)N)OC,-2.36
C1=C(C=C(C(=C1O)O)O)C(=O)O,5.03
CC1(C2CC3C(C(=O)C(=C(C3(C(=O)C2=C(C4=C1C=CC=C4O)O)O)O)C(=O)N)N(C)C)O.Cl,9.18
CSCCC(C(=O)O)N,8.0
CC(COC1=CC=CC=C1)N(CCCl)CC2=CC=CC=C2.Cl,-4.85
C1=CC(=CC=C1C=CC2=CC(=CC(=C2)O)O)O,7.5
C1=CC(=C(C=C1C2=C(C(=O)C3=C(C=C(C=C3O2)O)O)O)O)O,10.0
CC(=CCCC(=CCOC1=CC2=C(C=C1)C=CC(=O)O2)C)C,-0.17
C1(C(C(C(C(C1O)O)O)O)O)O,3.0
CC12CCCC(C1CCC34C2CCC(C3)(C(=C)C4)OC5C(C(C(C(O5)CO)O)OC6C(C(C(C(O6)CO)O)O)O)OC7C(C(C(C(O7)CO)O)O)O)(C)C(=O)OC8C(C(C(C(O8)CO)O)O)O,17.65
COC1=C(C=C(C=C1)C2=COC3=C(C2=O)C=CC(=C3)O)O,15.64
C1=CC=C(C(=C1)C=NCCN=CC2=CC=CC=C2[O-])[O-].[Cl-].[Mn+3],-33.1
C1C(C(OC2=CC(=CC(=C21)O)O)C3=CC(=C(C=C3)O)O)O,7.55
C(C=O)C(C(C(CO)O)O)O,26.21
C1C(C(OC2=CC(=CC(=C21)O)O)C3=CC(=C(C(=C3)O)O)O)OC(=O)C4=CC(=C(C(=C4)O)O)O,4.8
CN1C=NC2=C1C(=O)N(C(=O)N2C)C,-13.6
CC1=CC=C(C=C1)C2=CC(=NN2C3=CC=C(C=C3)S(=O)(=O)N)C(F)(F)F,19.0
COC1=CC(=CC(=C1OC)OC)C2C3C(COC3=O)C(C4=CC5=C(C=C24)OCO5)O,2.13
CC(CCC(=O)O)C1CCC2C1(CCC3C2CCC4C3(CCCC4)C)C,1.0
CCC1(CCNC1=O)CC,31.0
CC1=CN(C(=O)NC1=O)C2CC(C(O2)CO)O,0.0
C(C(C(C(C(CO)O)O)O)O)O,32.7
C1=CC(=CC=C1C=CC2=CC(=CC(=C2)O)O)O,0.87
CCC12CCCN3C1C4=C(CC3)C5=CC=CC=C5N4C(=C2)C(=O)OCC,15.0
COC1=C(C=CC(=C1)C2C(OC3=C(O2)C=C(C=C3)C4=C(C(=O)C5=C(C=C(C=C5O4)O)O)O)CO)O,10.15
C(C1C(C(C(C(O1)O)O)O)O)O,-46.8
C1=CC=C(C(=C1)C=NCCN=CC2=CC=CC=C2[O-])[O-].[Cl-].[Mn+3],3.0
C(C1C(C(C(C(O1)O)O)O)O)O,0.0
C1=CC=C2C(=C1)C(=CN2)CC(C(=O)O)N,1.0
C1=CC(=C(C=C1C=CC2=CC(=CC(=C2)O)O)O)O,18.3
CCC1C(=O)N(CC(=O)N(C(C(=O)NC(C(=O)N(C(C(=O)NC(C(=O)NC(C(=O)N(C(C(=O)N(C(C(=O)N(C(C(=O)N(C(C(=O)N1)C(C(C)CC=CC)O)C)C(C)C)C)CC(C)C)C)CC(C)C)C)C)C)CC(C)C)C)C(C)C)CC(C)C)C)C,18.0
CC(=CCCC1(C2CC3C1(C3C2)C)C)CO,2.57
CCCCNC1=NC2=CC=CC=C2N1,19.12
C1=CC(=CC=C1C=CC2=CC(=CC(=C2)O)O)O,6.24
CC1=CC(=O)C2=C(C1=O)C=CC=C2O,11.0
CC1CCC2(C(C3C(O2)CC4C3(CCC5C4CCC6C5(CCC(C6)OC7C(C(C(C(O7)CO)OC8C(C(C(C(O8)C)O)O)O)O)OC9C(C(C(C(O9)CO)O)O)O)C)C)C)OC1,17.26
CC(=O)OC1=CC=CC=C1C(=O)O,20.9
CN1C(=O)C2=C(NC1=O)N=CN2,5.05
C(CC(=O)O)C(=O)C(=O)O,47.9
C(C1C(C(C(C(O1)O)O)O)O)O,-19.0
COC1=C(C=CC(=C1)C=CC(=O)O)O,-3.58
CN1C(=O)C23CC4=CC=CC(C4N2C(=O)C1(SS3)CO)O,0.9
C1CN(CCN1CC(C(C2=CC=CC=C2)C3=CC=CC=C3)O)C4=CC(=CC=C4)Cl,10.0
CCC1=C(C2=NC1=CC3=C(C4=C(C(C(=C4[N-]3)C5=NC(=CC6=NC(=C2)C(=C6C)C=C)C(C5CCC(=O)OCC=C(C)CCCC(C)CCCC(C)CCCC(C)C)C)C(=O)OC)[O-])C)C.[Mg+2],13.54
C1=CC(=CC=C1C(=O)NC(CCC(=O)O)C(=O)O)NCC2=CN=C3C(=N2)C(=O)NC(=N3)N,0.2
C(CC(=O)N)C(C(=O)O)N,16.0
C[N+](C)(C)CC(=O)[O-],9.0
CC1CCC2CC(C(=CC=CC=CC(CC(C(=O)C(C(C(=CC(C(=O)CC(OC(=O)C3CCCCN3C(=O)C(=O)C1(O2)O)C(C)CC4CCC(C(C4)OC)O)C)C)O)OC)C)C)C)OC,20.6
COC1=CC=CC=C1OCCNCC(COC2=CC=CC3=C2C4=CC=CC=C4N3)O,1.03
CC(C(C1=CC=C(C=C1)O)O)NCCC2=CC=C(C=C2)O.Cl,-4.95
C1=CC(=CC=C1CC(C(=O)O)N)O,10.0
CC(C(=O)[O-])O,3.0
CCN(CC)C(=O)C1(CC1CN)C2=CC=CC=C2.Cl,-4.24
CC(=O)NC(CS)C(=O)O,6.1
C(C1C(C(C(C(O1)O)O)O)O)O,-17.0
COC1=CC=C(C=C1)P(=S)(N2CCOCC2)S.C1COCCN1,0.4
COC1=C(C=C(C=C1)C2=COC3=C(C2=O)C=CC(=C3)O)O,6.24
C(C1C(C(C(C(O1)O)O)O)O)O,12.5
C1C2C(COC2C3=CC4=C(C=C3)OCO4)C(O1)C5=CC6=C(C=C5)OCO6,0.8
CN1C=NC2=C1C(=O)N(C(=O)N2C)C,65.0
CC1=C(C(=O)OC(C1)C(C)(C2CCC3C2(CCC4C3C5C(O5)C6(C4(C(=O)C=CC6)C)O)C)O)C,10.81
CN1C(=O)C23CC4=CC=CC(C4N2C(=O)C1(SS3)CO)O,-9.54
C(CS(=O)(=O)O)N,6.0
COC1=C(C=C2C(=C1)C(=NC(=N2)N3CCN(CC3)C(=O)C4COC5=CC=CC=C5O4)N)OC.CS(=O)(=O)O,6.96
C1=CC2=C(C=C1O)OC(=O)C3=CC(=C(C=C23)O)O,36.0
C1=C(C=C(C(=C1O)O)O)C(=O)OC2=CC(=CC(=C2O)O)C(=O)OCC3C(C(C(C(O3)OC(=O)C4=CC(=C(C(=C4)OC(=O)C5=CC(=C(C(=C5)O)O)O)O)O)OC(=O)C6=CC(=C(C(=C6)OC(=O)C7=CC(=C(C(=C7)O)O)O)O)O)OC(=O)C8=CC(=C(C(=C8)OC(=O)C9=CC(=C(C(=C9)O)O)O)O)O)OC(=O)C1=CC(=C(C(=C1)OC(=O)C1=CC(=C(C(=C1)O)O)O)O)O,8.0
C(C(C(=O)O)O)C(=O)O,14.0
CN(C)C(=N)N=C(N)N,47.4
CC1C=CC=C(C(=O)NC2=C(C(=C3C(=C2O)C(=C(C4=C3C(=O)C(O4)(OC=CC(C(C(C(C(C(C1O)C)O)C)OC(=O)C)C)OC)C)C)O)O)C=NN5CCN(CC5)C)C,56.1
C1COCCN1[N+]2=CC(=N)O[N-]2.Cl,0.9
C1C(C(C(CC1(C(=O)O)O)O)O)O,3.2
CC1C(CC(C(O1)OC(C)CCC(=O)C)O)O,14.0
CCCOC(=O)C1=CC(=C(C(=C1)O)O)O,35.29
CN(C)CCC=C1C2=CC=CC=C2SC3=C1C=C(C=C3)Cl.Cl,33.0
CC1=CC(=CC=C1)C2CN(CCC3=C(C(=C(C=C23)O)O)Cl)C.Br,-0.23
CCC(C)N1C(=O)N(C=N1)C2=CC=C(C=C2)N3CCN(CC3)C4=CC=C(C=C4)OCC5COC(O5)(CN6C=NC=N6)C7=C(C=C(C=C7)Cl)Cl,1.75
CC1=CNC(=O)NC1=O,6.03
CCCCCCCCCCCCCCCC[N+]1=CC=CC=C1.[Cl-],10.22
CC(=O)NS(=O)(=O)C1=CC=C(C=C1)N,-5.09
C1=CC(=CC=C1C=CC2=CC(=CC(=C2)O)O)O,22.2
C(C1C(C(C(C(O1)O)O)O)O)O,-24.0
COC1C(CC2CN3CCC4=C(C3CC2C1C(=O)OC)NC5=C4C=CC(=C5)OC)OC(=O)C6=CC(=C(C(=C6)OC)OC)OC,30.0
C(C(C(C(C(CO)O)O)O)O)O,16.0
C(C(CO)O)O,-23.0
CC1CCC2(C(C3C(O2)CC4C3(CCC5C4CC=C6C5(CCC(C6)O)C)C)C)OC1,20.8
CC(=CCNC1=NC=NC2=C1NC=N2)CO,-3.0
C1(C(C(C(C(C1O)O)O)O)O)O,26.0
C1=CC(=C(C=C1C2=C(C(=O)C3=C(C=C(C=C3O2)O)O)O)O)O,9.0
CC1CCC2CC(C(=CC=CC=CC(CC(C(=O)C(C(C(=CC(C(=O)CC(OC(=O)C3CCCCN3C(=O)C(=O)C1(O2)O)C(C)CC4CCC(C(C4)OC)O)C)C)O)OC)C)C)C)OC,19.0
C1C(=O)NC2=C(C=C(C=C2)Cl)C(S1)C3=CC=CC=C3Cl,10.9
CC12CCN(C1N(C3=C2C=C(C=C3)OC(=O)NC)C)C.CC12CCN(C1N(C3=C2C=C(C=C3)OC(=O)NC)C)C.OS(=O)(=O)O,1.02
COC1=CC=C(C=C1)CC(=O)C2=C(C=C(C=C2)O)O,-22.11
CC(=O)NC(CS)C(=O)O,28.1
CC1(C2CCC(C1C2)CCOCC[N+]3(CCOCC3)CC4=CC(=C(C=C4Br)OC)OC)C.[Br-],-1.79
CC(C)C(C(=O)O)N,8.0
C1=CC(=C(C=C1C2=C(C(=O)C3=C(C=C(C=C3O2)O)O)O)O)O,-7.0
C(CC(=O)O)C(C(=O)O)N,-3.0
CCC(C)C(=O)OC1CC(C=C2C1C(C(C=C2)C)CCC3CC(CC(=O)O3)O)C,24.54
CC1C(C(C(C(O1)OC2C(C(C(OC2OC3=CC(=C4C(=O)CC(OC4=C3)C5=CC=C(C=C5)O)O)CO)O)O)O)O)O,6.95
CC1CC(C(C(C=C(C(C(C=CC=C(C(=O)NC2=CC(=O)C(=C(C1)C2=O)NCC=C)C)OC)OC(=O)N)C)C)O)OC,54.16
C1CN(CCN1CCC=C2C3=CC=CC=C3SC4=C2C=C(C=C4)C(F)(F)F)CCO.Cl.Cl,30.0
C1C(=CC2=CC(=C(C=C2)O)O)C(=O)C3=C(O1)C=C(C=C3)O,11.54
C(CCN)CN,1.0
COC1=C(C2=C[N+]3=C(C=C2C=C1)C4=CC5=C(C=C4CC3)OCO5)OC,19.32
CN1CCN(CC1)C2=NC3=CC=CC=C3OC4=C2C=C(C=C4)Cl.C(CC(=O)O)C(=O)O,43.0
CN(C)CCCN1C2=CC=CC=C2SC3=C1C=C(C=C3)C(F)(F)F.Cl,-38.53
C(C1C(C(C(C(O1)OC2(C(C(C(O2)CO)O)O)CO)O)O)O)O,-4.0
CN1C=NC2=C1C(=O)N(C(=O)N2C)C,0.0
CC1(C2CC(=O)C3(C(C24COC(=O)CC4O1)CCC5(C36C(O6)C(=O)OC5C7=COC=C7)C)C)C,-3.41
C1C(C(OC2=CC(=CC(=C21)O)O)C3=CC(=C(C(=C3)O)O)O)OC(=O)C4=CC(=C(C(=C4)O)O)O,7.11
C1=CC(=C(C=C1C2=C(C(=O)C3=C(C=C(C=C3O2)O)O)O)O)O,14.0
CC(=O)OC1CC2(C(CCC2=O)C3=C1C4(C(OC(=O)C5=COC(=C54)C3=O)COC)C)C,-4.1
C1CN(CCN1)C2=NC3=CC=CC=C3OC4=C2C=C(C=C4)Cl,33.0
C1=CC=C(C=C1)C(C2=CC=CC=C2)NCCNC(C3=CC=CC=C3)C4=CC=CC=C4.Cl.Cl,8.0
CC1=CC(=O)C2=C(C1=O)C=CC=C2O,1.0
C1CN(CCN1CC=CC2=CC=CC=C2)C(C3=CC=C(C=C3)F)C4=CC=C(C=C4)F.Cl.Cl,6.56
CC[N+](CC)(CC)CCOC1=CC=C(C=C1)C=CC2=CC=CC=C2.[I-],-5.67
CC(C)C1=CC2=C(C=C1)C3(CCCC(C3CC2)(C)C(=O)O)C,4.8
CN(C)C1C2CC3CC4=C(C=CC(=C4C(=C3C(=O)C2(C(=C(C1=O)C(=O)N)O)O)O)O)N(C)C,33.0
C1=CC=C(C(=C1)C=NCCN=CC2=CC=CC=C2[O-])[O-].[Cl-].[Mn+3],29.0
CCCCCCCCCCCCCC(=O)NC(C)C(C1=CC=CC=C1)O,-6.25
C(CC(C(=O)O)N)CN=C(N)N,11.0
CS(=O)(=O)N1CCN(CC1)CC2=CC3=C(S2)C(=NC(=N3)C4=C5C=NNC5=CC=C4)N6CCOCC6,9.6
COC1=C(C=CC(=C1)C=CC(=O)CC(=O)C=CC2=CC(=C(C=C2)O)OC)O,22.5
CCN(CC)CCNC(=O)C1=C(C=CC(=C1)S(=O)(=O)C)OC.Cl,-4.75
C1(C(C(C(C(C1O)O)O)O)O)O,31.0
CC(C)C1=C(C(=C2C(=C1)CCC3C2(CCCC3(C)C)C(=O)O)O)O,16.0
CC(C)CCCC(C)C1CCC2C1(CCCC2=CC=C3CC(CCC3=C)O)C,23.29
CC1=C(N(C(=C1)CC(=O)[O-])C)C(=O)C2=CC=C(C=C2)Cl.[Na+],4.59
C(CN(CCN)[N+](=NO)[O-])N,8.9
CCNC(=O)CCC(C(=O)O)N,10.0
C(C(C(C(CO)O)O)O)O,-4.59
C(C(C(C(C(CO)O)O)O)O)O,27.12
C(C1C(C(C(C(O1)O)O)O)O)O,-17.0
C(CC(C(=O)O)N)CN,3.0
CCC1=C(C2=NC1=CC3=C(C4=C(C(C(=C4[N-]3)C5=NC(=CC6=NC(=C2)C(=C6C)C=C)C(C5CCC(=O)OCC=C(C)CCCC(C)CCCC(C)CCCC(C)C)C)C(=O)OC)[O-])C)C.[Mg+2],23.37
CC1=C(C(=O)C(=C(C1=O)OC)OC)CC=C(C)CCC=C(C)CCC=C(C)CCC=C(C)CCC=C(C)CCC=C(C)CCC=C(C)CCC=C(C)CCC=C(C)CCC=C(C)C,6.0
CC1=C(C(=O)OC(C1)C(C)(C2CCC3C2(CCC4C3C5C(O5)C6(C4(C(=O)C=CC6)C)O)C)O)C,4.32
CC(=O)NC(C=O)C(C(C(CO)O)O)O,50.0
CCN1CCCC1CNC(=O)C2=C(C=CC(=C2)S(=O)(=O)N)OC,4.71
C1=CC=C(C=C1)CCCCOC2=C3C=CC(=O)OC3=CC4=C2C=CO4,42.0
C[N+]1=CC=C(C=C1)C2=CC=[N+](C=C2)C,24.6
CN(C)C1C2CC3CC4=C(C=CC(=C4C(=C3C(=O)C2(C(=C(C1=O)C(=O)N)O)O)O)O)N(C)C,30.0
C1CC(NC1)C(=O)O,5.8
C1=CC(=CC=C1C2=CC(=O)C3=C(O2)C=C(C(=C3O)O)O)O,-7.13
C1=C(NC=N1)CC(C(=O)O)N,12.0
C(CC(=O)O)C(C(=O)O)O,31.8
CC12CCN(C1N(C3=C2C=C(C=C3)OC(=O)NC)C)C.CC12CCN(C1N(C3=C2C=C(C=C3)OC(=O)NC)C)C.OS(=O)(=O)O,3.4
C1C(C(OC2=CC(=CC(=C21)O)O)C3=CC(=C(C=C3)O)O)O,3.33
C[N+](C)(C)CC(CC(=O)[O-])O,10.0
C1=CC(=C(C=C1C2=C(C(=O)C3=C(C=C(C=C3O2)O)O)O)O)O,9.0
CC1CCC2CC(C(=CC=CC=CC(CC(C(=O)C(C(C(=CC(C(=O)CC(OC(=O)C3CCCCN3C(=O)C(=O)C1(O2)O)C(C)CC4CCC(C(C4)OC)O)C)C)O)OC)C)C)C)OC,14.14
C(C1C(C(C(C(O1)O)N)O)O)O,11.0
C1=CC(=CC=C1C=CC2=CC(=CC(=C2)O)O)O,9.3
CC(C)C1=CC2=C(C=C1)OC3=NC(=C(C=C3C2=O)C(=O)O)N,5.39
C(CS(=O)(=O)O)N,11.0
COC1=C(C=CC(=C1)CC(COC2C(C(C(C(O2)CO)O)O)O)C(CC3=CC(=C(C=C3)O)OC)COC4C(C(C(C(O4)CO)O)O)O)O,22.0
C1=CC(=CC=C1C=CC2=CC(=CC(=C2)O)O)O,15.4
C1=C(C=C(C(=C1O)O)O)C(=O)OC2=CC(=CC(=C2O)O)C(=O)OCC3C(C(C(C(O3)OC(=O)C4=CC(=C(C(=C4)OC(=O)C5=CC(=C(C(=C5)O)O)O)O)O)OC(=O)C6=CC(=C(C(=C6)OC(=O)C7=CC(=C(C(=C7)O)O)O)O)O)OC(=O)C8=CC(=C(C(=C8)OC(=O)C9=CC(=C(C(=C9)O)O)O)O)O)OC(=O)C1=CC(=C(C(=C1)OC(=O)C1=CC(=C(C(=C1)O)O)O)O)O,10.26
C(C1C(C(C(C(O1)O)O)O)O)O,6.0
C1=CC(=C2C(=O)C=CC(=O)C2=C1O)O,10.0
CC(C)N1C2=CC=CC=C2C(=C1C=CC(CC(CC(=O)O)O)O)C3=CC=C(C=C3)F,13.0
CC(C)C1=C(C(=C2C(=C1)C3CC4C2(CCCC4(C)C)C(=O)O3)O)O,19.02
C1=CC=C(C(=C1)C=NCCN=CC2=CC=CC=C2[O-])[O-].[Cl-].[Mn+3],-21.1
CC(C)(C)C1=CC(=C(C=C1O)C(C)(C)C)O,18.8
C1=C(C=C(C(=C1O)O)O)C(=O)O,2.06
CC1C2C(C3C(C(=O)C(=C(C3(C(=O)C2=C(C4=C1C=CC=C4O)O)O)O)C(=O)N)N(C)C)O,12.1
CC1=CC(=O)C2=C(C1=O)C=CC=C2O,-81.0
C1=CC(=C(C=C1CC(C(=O)O)OC(=O)C=CC2=CC(=C(C=C2)O)O)O)O,10.0
C(C(=O)O)N,-4.0
C1=CC(=C2C(=O)C=CC(=O)C2=C1O)O,2.0
